Player,Nation,Pos,Age,MP,Starts,Min,90s,Gls,Ast,G+A,G-PK,PK,PKatt,CrdY,CrdR,xG,npxG,xAG,npxG+xAG,PrgC,PrgP,PrgR,Gls_90,Ast_90,G+A_90,G-PK_90,G+A-PK_90,xG_90,xAG_90,xG+xAG_90,npxG_90,npxG+xAG_90,Team
Kyle Walker,ENG,DF,33.0,32,30,2767.0,30.7,0.0,4.0,4.0,0.0,0.0,0.0,2.0,0.0,0.4,0.4,2.6,3.0,74.0,157.0,172.0,0.0,0.13,0.13,0.0,0.13,0.01,0.09,0.1,0.01,0.1,Manchester City
Rúben Dias,POR,DF,26.0,30,28,2559.0,28.4,0.0,0.0,0.0,0.0,0.0,0.0,0.0,0.0,1.4,1.4,0.3,1.7,34.0,173.0,16.0,0.0,0.0,0.0,0.0,0.0,0.05,0.01,0.06,0.05,0.06,Manchester City
Manuel Akanji,SUI,"DF,MF",28.0,30,28,2511.0,27.9,2.0,0.0,2.0,2.0,0.0,0.0,4.0,1.0,1.9,1.9,0.5,2.4,46.0,148.0,36.0,0.07,0.0,0.07,0.07,0.07,0.07,0.02,0.09,0.07,0.09,Manchester City
Joško Gvardiol,CRO,DF,21.0,28,26,2328.0,25.9,4.0,1.0,5.0,4.0,0.0,0.0,3.0,0.0,3.1,3.1,1.4,4.5,63.0,136.0,115.0,0.15,0.04,0.19,0.15,0.19,0.12,0.06,0.18,0.12,0.18,Manchester City
Nathan Aké,NED,DF,28.0,29,24,2042.0,22.7,2.0,2.0,4.0,2.0,0.0,0.0,0.0,0.0,2.5,2.5,1.2,3.7,24.0,116.0,18.0,0.09,0.09,0.18,0.09,0.18,0.11,0.05,0.16,0.11,0.16,Manchester City
John Stones,ENG,"DF,MF",29.0,16,12,1064.0,11.8,1.0,0.0,1.0,1.0,0.0,0.0,2.0,0.0,1.0,1.0,0.2,1.3,16.0,57.0,24.0,0.08,0.0,0.08,0.08,0.08,0.09,0.02,0.11,0.09,0.11,Manchester City
Rico Lewis,ENG,"DF,MF",18.0,16,8,809.0,9.0,2.0,0.0,2.0,2.0,0.0,0.0,1.0,0.0,0.6,0.6,1.1,1.8,21.0,33.0,46.0,0.22,0.0,0.22,0.22,0.22,0.07,0.12,0.19,0.07,0.19,Manchester City
Aymeric Laporte,ESP,DF,29.0,1,0,12.0,0.1,0.0,0.0,0.0,0.0,0.0,0.0,0.0,0.0,0.0,0.0,0.0,0.0,0.0,0.0,0.0,0.0,0.0,0.0,0.0,0.0,0.27,0.0,0.27,0.27,0.27,Manchester City
Virgil van Dijk,NED,DF,32.0,36,36,3177.0,35.3,2.0,2.0,4.0,2.0,0.0,0.0,3.0,1.0,2.8,2.8,1.6,4.4,32.0,200.0,7.0,0.06,0.06,0.11,0.06,0.11,0.08,0.04,0.12,0.08,0.12,Liverpool
Trent Alexander-Arnold,ENG,DF,24.0,28,25,2155.0,23.9,3.0,4.0,7.0,3.0,0.0,0.0,6.0,0.0,2.6,2.3,7.2,9.5,45.0,205.0,97.0,0.13,0.17,0.29,0.13,0.29,0.11,0.3,0.41,0.1,0.4,Liverpool
Andrew Robertson,SCO,DF,29.0,23,18,1693.0,18.8,3.0,2.0,5.0,3.0,0.0,0.0,2.0,0.0,1.9,1.9,5.4,7.3,63.0,140.0,130.0,0.16,0.11,0.27,0.16,0.27,0.1,0.29,0.39,0.1,0.39,Liverpool
Joe Gomez,ENG,DF,26.0,32,17,1786.0,19.8,0.0,1.0,1.0,0.0,0.0,0.0,5.0,0.0,0.8,0.8,1.3,2.1,44.0,100.0,105.0,0.0,0.05,0.05,0.0,0.05,0.04,0.07,0.1,0.04,0.1,Liverpool
Ibrahima Konaté,FRA,DF,24.0,22,17,1574.0,17.5,0.0,0.0,0.0,0.0,0.0,0.0,5.0,1.0,0.7,0.7,0.4,1.1,24.0,118.0,3.0,0.0,0.0,0.0,0.0,0.0,0.04,0.02,0.06,0.04,0.06,Liverpool
Jarell Quansah,ENG,DF,20.0,17,13,1190.0,13.2,2.0,0.0,2.0,2.0,0.0,0.0,1.0,0.0,1.0,1.0,0.1,1.1,13.0,67.0,1.0,0.15,0.0,0.15,0.15,0.15,0.08,0.01,0.08,0.08,0.08,Liverpool
Conor Bradley,NIR,DF,20.0,11,10,753.0,8.4,1.0,3.0,4.0,1.0,0.0,0.0,2.0,0.0,0.9,0.9,1.5,2.3,35.0,29.0,64.0,0.12,0.36,0.48,0.12,0.48,0.1,0.17,0.28,0.1,0.28,Liverpool
Joël Matip,CMR,DF,31.0,10,9,781.0,8.7,0.0,0.0,0.0,0.0,0.0,0.0,2.0,0.0,0.5,0.5,0.1,0.6,8.0,34.0,1.0,0.0,0.0,0.0,0.0,0.0,0.06,0.01,0.06,0.06,0.06,Liverpool
Kostas Tsimikas,GRE,DF,27.0,13,8,679.0,7.5,0.0,3.0,3.0,0.0,0.0,0.0,0.0,0.0,0.1,0.1,1.0,1.1,24.0,31.0,73.0,0.0,0.4,0.4,0.0,0.4,0.01,0.14,0.15,0.01,0.15,Liverpool
Owen Beck,WAL,DF,20.0,1,0,8.0,0.1,0.0,0.0,0.0,0.0,0.0,0.0,0.0,0.0,0.0,0.0,0.0,0.0,0.0,0.0,1.0,0.0,0.0,0.0,0.0,0.0,0.0,0.0,0.0,0.0,0.0,Liverpool
William Saliba,FRA,DF,22.0,38,38,3420.0,38.0,2.0,1.0,3.0,2.0,0.0,0.0,4.0,0.0,1.6,1.6,0.2,1.8,16.0,157.0,6.0,0.05,0.03,0.08,0.05,0.08,0.04,0.01,0.05,0.04,0.05,Arsenal
Ben White,ENG,DF,25.0,37,35,2988.0,33.2,4.0,4.0,8.0,4.0,0.0,0.0,8.0,0.0,1.2,1.2,3.8,5.0,44.0,192.0,162.0,0.12,0.12,0.24,0.12,0.24,0.03,0.11,0.15,0.03,0.15,Arsenal
Gabriel Magalhães,BRA,DF,25.0,36,34,3044.0,33.8,4.0,0.0,4.0,4.0,0.0,0.0,4.0,0.0,4.3,4.3,0.7,5.0,13.0,117.0,8.0,0.12,0.0,0.12,0.12,0.12,0.13,0.02,0.15,0.13,0.15,Arsenal
Oleksandr Zinchenko,UKR,DF,26.0,27,20,1722.0,19.1,1.0,2.0,3.0,1.0,0.0,0.0,2.0,0.0,0.6,0.6,2.5,3.1,40.0,229.0,58.0,0.05,0.1,0.16,0.05,0.16,0.03,0.13,0.16,0.03,0.16,Arsenal
Jakub Kiwior,POL,DF,23.0,20,11,946.0,10.5,1.0,3.0,4.0,1.0,0.0,0.0,1.0,0.0,0.8,0.8,0.9,1.7,4.0,55.0,16.0,0.1,0.29,0.38,0.1,0.38,0.08,0.09,0.16,0.08,0.16,Arsenal
Takehiro Tomiyasu,JPN,DF,24.0,22,10,1149.0,12.8,2.0,1.0,3.0,2.0,0.0,0.0,2.0,1.0,1.5,1.5,0.4,1.9,17.0,72.0,37.0,0.16,0.08,0.23,0.16,0.23,0.12,0.03,0.15,0.12,0.15,Arsenal
Thomas Partey,GHA,"MF,DF",30.0,14,9,788.0,8.8,0.0,0.0,0.0,0.0,0.0,0.0,3.0,0.0,0.4,0.4,0.3,0.7,15.0,72.0,10.0,0.0,0.0,0.0,0.0,0.0,0.05,0.03,0.08,0.05,0.08,Arsenal
Jurriën Timber,NED,DF,22.0,2,1,71.0,0.8,0.0,0.0,0.0,0.0,0.0,0.0,2.0,0.0,0.0,0.0,0.0,0.0,0.0,8.0,5.0,0.0,0.0,0.0,0.0,0.0,0.0,0.0,0.0,0.0,0.0,Arsenal
Cédric Soares,POR,DF,31.0,3,0,62.0,0.7,0.0,0.0,0.0,0.0,0.0,0.0,0.0,0.0,0.0,0.0,0.0,0.0,0.0,3.0,6.0,0.0,0.0,0.0,0.0,0.0,0.0,0.0,0.0,0.0,0.0,Arsenal
Axel Disasi,FRA,DF,25.0,31,29,2579.0,28.7,2.0,0.0,2.0,2.0,0.0,0.0,6.0,0.0,2.4,2.4,0.3,2.7,30.0,112.0,21.0,0.07,0.0,0.07,0.07,0.07,0.08,0.01,0.09,0.08,0.09,Chelsea
Thiago Silva,BRA,DF,38.0,31,28,2527.0,28.1,3.0,1.0,4.0,3.0,0.0,0.0,4.0,0.0,0.8,0.8,1.0,1.8,2.0,102.0,5.0,0.11,0.04,0.14,0.11,0.14,0.03,0.04,0.06,0.03,0.06,Chelsea
Levi Colwill,ENG,DF,20.0,23,20,1797.0,20.0,1.0,1.0,2.0,1.0,0.0,0.0,2.0,0.0,1.3,1.3,1.2,2.5,23.0,73.0,27.0,0.05,0.05,0.1,0.05,0.1,0.06,0.06,0.12,0.06,0.12,Chelsea
Marc Cucurella,ESP,DF,25.0,21,20,1782.0,19.8,0.0,2.0,2.0,0.0,0.0,0.0,10.0,0.0,1.1,1.1,1.1,2.2,31.0,50.0,73.0,0.0,0.1,0.1,0.0,0.1,0.06,0.05,0.11,0.06,0.11,Chelsea
Malo Gusto,FRA,DF,20.0,27,19,1751.0,19.5,0.0,6.0,6.0,0.0,0.0,0.0,7.0,1.0,0.9,0.9,4.3,5.2,78.0,86.0,135.0,0.0,0.31,0.31,0.0,0.31,0.05,0.22,0.27,0.05,0.27,Chelsea
Benoît Badiashile,FRA,DF,22.0,18,15,1338.0,14.9,0.0,1.0,1.0,0.0,0.0,0.0,3.0,0.0,0.3,0.3,1.5,1.8,3.0,46.0,3.0,0.0,0.07,0.07,0.0,0.07,0.02,0.1,0.12,0.02,0.12,Chelsea
Trevoh Chalobah,ENG,DF,24.0,13,10,952.0,10.6,1.0,0.0,1.0,1.0,0.0,0.0,1.0,0.0,0.2,0.2,0.1,0.3,5.0,31.0,9.0,0.09,0.0,0.09,0.09,0.09,0.02,0.01,0.02,0.02,0.02,Chelsea
Ben Chilwell,ENG,DF,26.0,13,9,756.0,8.4,0.0,1.0,1.0,0.0,0.0,0.0,5.0,0.0,1.2,1.2,2.2,3.4,22.0,25.0,59.0,0.0,0.12,0.12,0.0,0.12,0.14,0.26,0.41,0.14,0.41,Chelsea
Reece James,ENG,DF,23.0,10,5,419.0,4.7,0.0,2.0,2.0,0.0,0.0,0.0,2.0,2.0,0.3,0.3,1.7,2.1,19.0,21.0,35.0,0.0,0.43,0.43,0.0,0.43,0.07,0.37,0.44,0.07,0.44,Chelsea
Alfie Gilchrist,ENG,DF,19.0,11,2,207.0,2.3,1.0,0.0,1.0,1.0,0.0,0.0,1.0,0.0,0.3,0.3,0.0,0.3,1.0,7.0,4.0,0.43,0.0,0.43,0.43,0.43,0.14,0.0,0.14,0.14,0.14,Chelsea
Deivid Washington,BRA,"DF,FW",18.0,2,0,13.0,0.1,0.0,0.0,0.0,0.0,0.0,0.0,0.0,0.0,0.5,0.5,0.0,0.5,0.0,0.0,1.0,0.0,0.0,0.0,0.0,0.0,3.23,0.0,3.23,3.23,3.23,Chelsea
Joshua Acheampong,ENG,DF,17.0,1,0,6.0,0.1,0.0,0.0,0.0,0.0,0.0,0.0,0.0,0.0,0.0,0.0,0.0,0.0,0.0,0.0,0.0,0.0,0.0,0.0,0.0,0.0,0.0,0.0,0.0,0.0,0.0,Chelsea
Fabian Schär,SUI,DF,31.0,36,35,3054.0,33.9,4.0,1.0,5.0,4.0,0.0,0.0,5.0,0.0,2.5,2.5,0.7,3.3,28.0,133.0,20.0,0.12,0.03,0.15,0.12,0.15,0.07,0.02,0.1,0.07,0.1,Newcastle United
Dan Burn,ENG,DF,31.0,33,32,2726.0,30.3,2.0,2.0,4.0,2.0,0.0,0.0,4.0,0.0,3.1,3.1,1.1,4.2,14.0,75.0,25.0,0.07,0.07,0.13,0.07,0.13,0.1,0.04,0.14,0.1,0.14,Newcastle United
Kieran Trippier,ENG,DF,32.0,28,26,2236.0,24.8,1.0,10.0,11.0,1.0,0.0,0.0,5.0,0.0,0.7,0.7,7.5,8.2,34.0,157.0,128.0,0.04,0.4,0.44,0.04,0.44,0.03,0.3,0.33,0.03,0.33,Newcastle United
Sven Botman,NED,DF,23.0,17,15,1377.0,15.3,2.0,2.0,4.0,2.0,0.0,0.0,2.0,0.0,0.6,0.6,1.0,1.6,0.0,35.0,5.0,0.13,0.13,0.26,0.13,0.26,0.04,0.07,0.11,0.04,0.11,Newcastle United
Jacob Murphy,ENG,"FW,DF",28.0,21,14,1189.0,13.2,3.0,7.0,10.0,3.0,0.0,0.0,1.0,0.0,2.1,2.1,5.0,7.1,33.0,52.0,113.0,0.23,0.53,0.76,0.23,0.76,0.16,0.37,0.54,0.16,0.54,Newcastle United
Jamaal Lascelles,ENG,DF,29.0,16,13,1080.0,12.0,1.0,0.0,1.0,1.0,0.0,0.0,4.0,0.0,0.7,0.7,0.1,0.8,8.0,31.0,3.0,0.08,0.0,0.08,0.08,0.08,0.06,0.01,0.07,0.06,0.07,Newcastle United
Valentino Livramento,ENG,DF,20.0,26,12,1314.0,14.6,1.0,0.0,1.0,1.0,0.0,0.0,1.0,0.0,0.4,0.4,0.8,1.2,44.0,61.0,76.0,0.07,0.0,0.07,0.07,0.07,0.03,0.05,0.08,0.03,0.08,Newcastle United
Emil Krafth,SWE,DF,28.0,17,8,913.0,10.1,0.0,0.0,0.0,0.0,0.0,0.0,2.0,0.0,0.2,0.2,1.0,1.2,12.0,29.0,33.0,0.0,0.0,0.0,0.0,0.0,0.02,0.1,0.12,0.02,0.12,Newcastle United
Lewis Hall,ENG,DF,18.0,18,8,781.0,8.7,1.0,0.0,1.0,1.0,0.0,0.0,2.0,0.0,0.3,0.3,0.3,0.6,19.0,46.0,27.0,0.12,0.0,0.12,0.12,0.12,0.04,0.03,0.07,0.04,0.07,Newcastle United
Matt Targett,ENG,DF,27.0,3,1,78.0,0.9,0.0,0.0,0.0,0.0,0.0,0.0,1.0,0.0,0.0,0.0,0.0,0.0,1.0,2.0,0.0,0.0,0.0,0.0,0.0,0.0,0.0,0.03,0.03,0.0,0.03,Newcastle United
Paul Dummett,WAL,DF,31.0,5,0,20.0,0.2,0.0,0.0,0.0,0.0,0.0,0.0,0.0,0.0,0.0,0.0,0.0,0.0,1.0,1.0,0.0,0.0,0.0,0.0,0.0,0.0,0.11,0.0,0.11,0.11,0.11,Newcastle United
Alex Murphy,IRL,"DF,FW",19.0,2,0,13.0,0.1,0.0,0.0,0.0,0.0,0.0,0.0,0.0,0.0,0.0,0.0,0.0,0.0,0.0,1.0,0.0,0.0,0.0,0.0,0.0,0.0,0.0,0.0,0.0,0.0,0.0,Newcastle United
Pedro Porro,ESP,DF,23.0,35,35,3089.0,34.3,3.0,7.0,10.0,3.0,0.0,0.0,3.0,0.0,2.9,2.9,7.2,10.1,57.0,194.0,158.0,0.09,0.2,0.29,0.09,0.29,0.09,0.21,0.3,0.09,0.3,Tottenham Hotspur
Cristian Romero,ARG,DF,25.0,33,33,2790.0,31.0,5.0,0.0,5.0,5.0,0.0,0.0,7.0,1.0,3.5,3.5,0.4,3.9,32.0,179.0,8.0,0.16,0.0,0.16,0.16,0.16,0.11,0.01,0.13,0.11,0.13,Tottenham Hotspur
Destiny Udogie,ITA,DF,20.0,28,28,2391.0,26.6,2.0,3.0,5.0,2.0,0.0,0.0,7.0,1.0,2.4,2.4,2.2,4.6,83.0,155.0,138.0,0.08,0.11,0.19,0.08,0.19,0.09,0.08,0.17,0.09,0.17,Tottenham Hotspur
Micky van de Ven,NED,DF,22.0,27,27,2339.0,26.0,3.0,0.0,3.0,3.0,0.0,0.0,5.0,0.0,0.6,0.6,0.0,0.6,19.0,108.0,9.0,0.12,0.0,0.12,0.12,0.12,0.02,0.0,0.02,0.02,0.02,Tottenham Hotspur
Ben Davies,WAL,DF,30.0,17,12,1090.0,12.1,1.0,0.0,1.0,1.0,0.0,0.0,2.0,0.0,2.3,2.3,0.4,2.7,13.0,71.0,20.0,0.08,0.0,0.08,0.08,0.08,0.19,0.03,0.23,0.19,0.23,Tottenham Hotspur
Emerson,BRA,DF,24.0,22,11,1161.0,12.9,1.0,0.0,1.0,1.0,0.0,0.0,4.0,0.0,0.2,0.2,0.4,0.6,21.0,57.0,35.0,0.08,0.0,0.08,0.08,0.08,0.02,0.03,0.05,0.02,0.05,Tottenham Hotspur
Oliver Skipp,ENG,"MF,DF",22.0,21,5,707.0,7.9,0.0,0.0,0.0,0.0,0.0,0.0,3.0,0.0,0.7,0.7,0.6,1.3,8.0,37.0,25.0,0.0,0.0,0.0,0.0,0.0,0.09,0.07,0.16,0.09,0.16,Tottenham Hotspur
Radu Drăgușin,ROU,DF,21.0,9,4,429.0,4.8,0.0,0.0,0.0,0.0,0.0,0.0,1.0,0.0,0.1,0.1,0.0,0.1,5.0,8.0,1.0,0.0,0.0,0.0,0.0,0.0,0.03,0.0,0.03,0.03,0.03,Tottenham Hotspur
Eric Dier,ENG,DF,29.0,4,1,201.0,2.2,0.0,0.0,0.0,0.0,0.0,0.0,0.0,0.0,0.0,0.0,0.0,0.0,0.0,3.0,0.0,0.0,0.0,0.0,0.0,0.0,0.0,0.0,0.0,0.0,0.0,Tottenham Hotspur
Davinson Sánchez,COL,DF,27.0,1,0,77.0,0.9,0.0,0.0,0.0,0.0,0.0,0.0,1.0,0.0,0.1,0.1,0.0,0.1,0.0,2.0,0.0,0.0,0.0,0.0,0.0,0.0,0.14,0.0,0.14,0.14,0.14,Tottenham Hotspur
Diogo Dalot,POR,DF,24.0,36,35,3174.0,35.3,2.0,3.0,5.0,2.0,0.0,0.0,6.0,1.0,1.7,1.7,2.9,4.6,52.0,124.0,111.0,0.06,0.09,0.14,0.06,0.14,0.05,0.08,0.13,0.05,0.13,Manchester United
Casemiro,BRA,"MF,DF",31.0,25,24,1982.0,22.0,1.0,2.0,3.0,1.0,0.0,0.0,7.0,0.0,3.5,3.5,1.0,4.5,12.0,112.0,36.0,0.05,0.09,0.14,0.05,0.14,0.16,0.05,0.2,0.16,0.2,Manchester United
Aaron Wan-Bissaka,ENG,DF,25.0,22,20,1780.0,19.8,0.0,2.0,2.0,0.0,0.0,0.0,4.0,0.0,0.1,0.1,1.5,1.6,30.0,77.0,54.0,0.0,0.1,0.1,0.0,0.1,0.01,0.08,0.08,0.01,0.08,Manchester United
Harry Maguire,ENG,DF,30.0,22,18,1653.0,18.4,2.0,2.0,4.0,2.0,0.0,0.0,4.0,0.0,2.0,2.0,1.2,3.3,20.0,73.0,2.0,0.11,0.11,0.22,0.11,0.22,0.11,0.07,0.18,0.11,0.18,Manchester United
Raphaël Varane,FRA,DF,30.0,22,16,1375.0,15.3,1.0,0.0,1.0,1.0,0.0,0.0,2.0,0.0,1.3,1.3,0.1,1.3,16.0,59.0,2.0,0.07,0.0,0.07,0.07,0.07,0.08,0.0,0.09,0.08,0.09,Manchester United
Jonny Evans,NIR,DF,35.0,23,15,1392.0,15.5,0.0,1.0,1.0,0.0,0.0,0.0,2.0,0.0,0.1,0.1,1.2,1.2,7.0,37.0,1.0,0.0,0.06,0.06,0.0,0.06,0.0,0.08,0.08,0.0,0.08,Manchester United
Victor Lindelöf,SWE,DF,29.0,19,14,1328.0,14.8,1.0,1.0,2.0,1.0,0.0,0.0,2.0,0.0,0.8,0.8,0.3,1.1,17.0,40.0,17.0,0.07,0.07,0.14,0.07,0.14,0.05,0.02,0.07,0.05,0.07,Manchester United
Luke Shaw,ENG,DF,28.0,12,12,959.0,10.7,0.0,0.0,0.0,0.0,0.0,0.0,6.0,0.0,0.0,0.0,1.0,1.0,10.0,45.0,30.0,0.0,0.0,0.0,0.0,0.0,0.0,0.09,0.1,0.0,0.1,Manchester United
Sofyan Amrabat,MAR,"MF,DF",26.0,21,10,938.0,10.4,0.0,0.0,0.0,0.0,0.0,0.0,6.0,0.0,0.1,0.1,0.3,0.4,6.0,66.0,10.0,0.0,0.0,0.0,0.0,0.0,0.01,0.03,0.04,0.01,0.04,Manchester United
Lisandro Martínez,ARG,DF,25.0,11,8,646.0,7.2,0.0,1.0,1.0,0.0,0.0,0.0,3.0,0.0,0.0,0.0,0.1,0.1,8.0,28.0,1.0,0.0,0.14,0.14,0.0,0.14,0.0,0.01,0.01,0.0,0.01,Manchester United
Sergio Reguilón,ESP,DF,26.0,9,4,412.0,4.6,0.0,0.0,0.0,0.0,0.0,0.0,3.0,0.0,0.2,0.2,0.7,0.9,11.0,27.0,38.0,0.0,0.0,0.0,0.0,0.0,0.04,0.16,0.2,0.04,0.2,Manchester United
Willy Kambwala,FRA,DF,18.0,8,3,330.0,3.7,0.0,0.0,0.0,0.0,0.0,0.0,1.0,0.0,0.0,0.0,0.0,0.0,2.0,8.0,1.0,0.0,0.0,0.0,0.0,0.0,0.0,0.0,0.0,0.0,0.0,Manchester United
Donny van de Beek,NED,DF,26.0,1,0,3.0,0.0,0.0,0.0,0.0,0.0,0.0,0.0,0.0,0.0,0.0,0.0,0.1,0.2,0.0,0.0,1.0,0.0,0.0,0.0,0.0,0.0,1.09,4.44,5.54,1.09,5.54,Manchester United
Ezri Konsa,ENG,DF,25.0,35,35,3069.0,34.1,1.0,0.0,1.0,1.0,0.0,0.0,5.0,0.0,2.5,2.5,0.5,3.0,37.0,136.0,33.0,0.03,0.0,0.03,0.03,0.03,0.07,0.02,0.09,0.07,0.09,Aston Villa
Pau Torres,ESP,DF,26.0,29,27,2464.0,27.4,2.0,0.0,2.0,2.0,0.0,0.0,1.0,0.0,1.0,1.0,0.4,1.4,42.0,128.0,16.0,0.07,0.0,0.07,0.07,0.07,0.04,0.02,0.05,0.04,0.05,Aston Villa
Lucas Digne,FRA,DF,30.0,33,27,2410.0,26.8,1.0,3.0,4.0,1.0,0.0,0.0,7.0,0.0,1.1,1.1,4.1,5.2,42.0,77.0,200.0,0.04,0.11,0.15,0.04,0.15,0.04,0.15,0.19,0.04,0.19,Aston Villa
Matty Cash,POL,DF,25.0,29,23,2142.0,23.8,2.0,2.0,4.0,2.0,0.0,0.0,8.0,0.0,4.2,4.2,2.3,6.5,62.0,88.0,101.0,0.08,0.08,0.17,0.08,0.17,0.18,0.1,0.27,0.18,0.27,Aston Villa
Diego Carlos,BRA,DF,30.0,27,20,1816.0,20.2,0.0,0.0,0.0,0.0,0.0,0.0,4.0,0.0,1.9,1.9,0.1,2.0,4.0,59.0,1.0,0.0,0.0,0.0,0.0,0.0,0.1,0.0,0.1,0.1,0.1,Aston Villa
Clément Lenglet,FRA,DF,28.0,14,14,1153.0,12.8,0.0,1.0,1.0,0.0,0.0,0.0,3.0,0.0,0.9,0.9,0.8,1.6,26.0,51.0,1.0,0.0,0.08,0.08,0.0,0.08,0.07,0.06,0.13,0.07,0.13,Aston Villa
Álex Moreno,ESP,DF,30.0,21,11,1031.0,11.5,2.0,0.0,2.0,2.0,0.0,0.0,2.0,0.0,1.1,1.1,1.1,2.3,32.0,24.0,83.0,0.17,0.0,0.17,0.17,0.17,0.1,0.1,0.2,0.1,0.2,Aston Villa
Calum Chambers,ENG,"MF,DF",28.0,5,1,152.0,1.7,0.0,1.0,1.0,0.0,0.0,0.0,1.0,0.0,0.0,0.0,0.1,0.1,0.0,5.0,1.0,0.0,0.59,0.59,0.0,0.59,0.0,0.06,0.06,0.0,0.06,Aston Villa
Tyrone Mings,ENG,DF,30.0,1,1,30.0,0.3,0.0,0.0,0.0,0.0,0.0,0.0,0.0,0.0,0.0,0.0,0.0,0.0,0.0,0.0,0.0,0.0,0.0,0.0,0.0,0.0,0.02,0.07,0.09,0.02,0.09,Aston Villa
Bertrand Traoré,BFA,"DF,FW",27.0,2,0,11.0,0.1,0.0,0.0,0.0,0.0,0.0,0.0,0.0,0.0,0.0,0.0,0.0,0.0,0.0,0.0,0.0,0.0,0.0,0.0,0.0,0.0,0.0,0.0,0.0,0.0,0.0,Aston Villa
Kaine Kesler-Hayden,ENG,"MF,DF",20.0,3,0,6.0,0.1,0.0,0.0,0.0,0.0,0.0,0.0,0.0,0.0,0.0,0.0,0.0,0.0,0.0,0.0,0.0,0.0,0.0,0.0,0.0,0.0,0.0,0.0,0.0,0.0,0.0,Aston Villa
Vladimír Coufal,CZE,DF,30.0,36,36,3132.0,34.8,0.0,7.0,7.0,0.0,0.0,0.0,7.0,1.0,0.3,0.3,4.0,4.3,68.0,119.0,126.0,0.0,0.2,0.2,0.0,0.2,0.01,0.11,0.12,0.01,0.12,West Ham United
Emerson Palmieri,ITA,DF,28.0,36,35,3137.0,34.9,1.0,2.0,3.0,1.0,0.0,0.0,10.0,0.0,1.5,1.5,2.4,3.9,59.0,125.0,124.0,0.03,0.06,0.09,0.03,0.09,0.04,0.07,0.11,0.04,0.11,West Ham United
Kurt Zouma,FRA,DF,28.0,33,32,2838.0,31.5,3.0,0.0,3.0,3.0,0.0,0.0,3.0,0.0,1.8,1.8,0.2,2.0,7.0,53.0,1.0,0.1,0.0,0.1,0.1,0.1,0.06,0.01,0.06,0.06,0.06,West Ham United
Nayef Aguerd,MAR,DF,27.0,21,21,1857.0,20.6,1.0,0.0,1.0,1.0,0.0,0.0,3.0,1.0,1.5,1.5,0.3,1.8,10.0,68.0,3.0,0.05,0.0,0.05,0.05,0.05,0.07,0.01,0.09,0.07,0.09,West Ham United
Konstantinos Mavropanos,GRE,DF,25.0,19,16,1500.0,16.7,1.0,0.0,1.0,1.0,0.0,0.0,2.0,0.0,1.2,1.2,0.2,1.4,10.0,38.0,2.0,0.06,0.0,0.06,0.06,0.06,0.07,0.01,0.08,0.07,0.08,West Ham United
Angelo Ogbonna,ITA,DF,35.0,11,7,635.0,7.1,0.0,0.0,0.0,0.0,0.0,0.0,1.0,0.0,0.0,0.0,0.0,0.0,2.0,4.0,0.0,0.0,0.0,0.0,0.0,0.0,0.01,0.0,0.01,0.01,0.01,West Ham United
Ben Johnson,ENG,"DF,FW",23.0,14,4,544.0,6.0,0.0,0.0,0.0,0.0,0.0,0.0,1.0,0.0,0.2,0.2,0.0,0.2,17.0,22.0,33.0,0.0,0.0,0.0,0.0,0.0,0.03,0.0,0.03,0.03,0.03,West Ham United
Aaron Cresswell,ENG,"DF,FW",33.0,11,4,436.0,4.8,0.0,0.0,0.0,0.0,0.0,0.0,1.0,0.0,0.0,0.0,0.4,0.4,4.0,26.0,6.0,0.0,0.0,0.0,0.0,0.0,0.0,0.09,0.09,0.0,0.09,West Ham United
Thilo Kehrer,GER,"DF,MF",26.0,4,0,22.0,0.2,0.0,0.0,0.0,0.0,0.0,0.0,2.0,0.0,0.0,0.0,0.0,0.0,0.0,1.0,1.0,0.0,0.0,0.0,0.0,0.0,0.0,0.0,0.0,0.0,0.0,West Ham United
Kaelan Casey,ENG,DF,18.0,1,0,1.0,0.0,0.0,0.0,0.0,0.0,0.0,0.0,0.0,0.0,0.0,0.0,0.0,0.0,0.0,0.0,0.0,0.0,0.0,0.0,0.0,0.0,0.0,0.0,0.0,0.0,0.0,West Ham United
Joachim Andersen,DEN,DF,27.0,38,38,3415.0,37.9,2.0,3.0,5.0,2.0,0.0,0.0,7.0,0.0,1.7,1.7,2.8,4.5,21.0,147.0,10.0,0.05,0.08,0.13,0.05,0.13,0.04,0.07,0.12,0.04,0.12,Crystal Palace
Tyrick Mitchell,ENG,"DF,MF",23.0,37,37,3204.0,35.6,2.0,3.0,5.0,2.0,0.0,0.0,6.0,0.0,1.6,1.6,2.8,4.4,32.0,94.0,159.0,0.06,0.08,0.14,0.06,0.14,0.04,0.08,0.12,0.04,0.12,Crystal Palace
Jefferson Lerma,COL,"MF,DF",28.0,28,27,2400.0,26.7,1.0,1.0,2.0,1.0,0.0,0.0,8.0,0.0,2.7,2.7,2.2,4.8,14.0,106.0,51.0,0.04,0.04,0.07,0.04,0.07,0.1,0.08,0.18,0.1,0.18,Crystal Palace
Chris Richards,USA,"DF,MF",23.0,26,23,2094.0,23.3,1.0,1.0,2.0,1.0,0.0,0.0,3.0,0.0,0.6,0.6,0.4,1.0,1.0,43.0,1.0,0.04,0.04,0.09,0.04,0.09,0.03,0.02,0.04,0.03,0.04,Crystal Palace
Marc Guéhi,ENG,DF,23.0,25,23,2021.0,22.5,0.0,1.0,1.0,0.0,0.0,0.0,2.0,0.0,0.6,0.6,0.6,1.2,15.0,67.0,7.0,0.0,0.04,0.04,0.0,0.04,0.03,0.03,0.05,0.03,0.05,Crystal Palace
Joel Ward,ENG,DF,33.0,26,23,1980.0,22.0,0.0,1.0,1.0,0.0,0.0,0.0,4.0,0.0,0.9,0.9,0.2,1.1,16.0,66.0,14.0,0.0,0.05,0.05,0.0,0.05,0.04,0.01,0.05,0.04,0.05,Crystal Palace
Daniel Muñoz,COL,"DF,MF",27.0,16,16,1439.0,16.0,0.0,4.0,4.0,0.0,0.0,0.0,4.0,0.0,1.2,1.2,2.4,3.7,25.0,38.0,80.0,0.0,0.25,0.25,0.0,0.25,0.08,0.15,0.23,0.08,0.23,Crystal Palace
Nathaniel Clyne,ENG,DF,32.0,19,14,1338.0,14.9,0.0,0.0,0.0,0.0,0.0,0.0,0.0,0.0,0.2,0.2,0.2,0.4,10.0,33.0,18.0,0.0,0.0,0.0,0.0,0.0,0.01,0.01,0.03,0.01,0.03,Crystal Palace
David Ozoh,ENG,"MF,DF",18.0,9,0,156.0,1.7,0.0,0.0,0.0,0.0,0.0,0.0,1.0,0.0,0.0,0.0,0.0,0.0,2.0,4.0,3.0,0.0,0.0,0.0,0.0,0.0,0.0,0.0,0.0,0.0,0.0,Crystal Palace
James Tomkins,ENG,DF,34.0,4,0,10.0,0.1,0.0,0.0,0.0,0.0,0.0,0.0,0.0,0.0,0.0,0.0,0.0,0.0,0.0,1.0,0.0,0.0,0.0,0.0,0.0,0.0,0.0,0.0,0.0,0.0,0.0,Crystal Palace
Antonee Robinson,USA,DF,25.0,37,37,3265.0,36.3,0.0,6.0,6.0,0.0,0.0,0.0,6.0,0.0,0.7,0.7,4.2,4.8,99.0,129.0,194.0,0.0,0.17,0.17,0.0,0.17,0.02,0.11,0.13,0.02,0.13,Fulham
Timothy Castagne,BEL,DF,27.0,34,29,2634.0,29.3,1.0,3.0,4.0,1.0,0.0,0.0,3.0,0.0,1.6,1.6,1.9,3.5,48.0,77.0,113.0,0.03,0.1,0.14,0.03,0.14,0.06,0.07,0.12,0.06,0.12,Fulham
Calvin Bassey,NGA,DF,23.0,29,25,2303.0,25.6,1.0,0.0,1.0,1.0,0.0,0.0,6.0,1.0,0.3,0.3,0.0,0.4,15.0,62.0,4.0,0.04,0.0,0.04,0.04,0.04,0.01,0.0,0.01,0.01,0.01,Fulham
Tosin Adarabioyo,ENG,DF,25.0,20,18,1617.0,18.0,2.0,0.0,2.0,2.0,0.0,0.0,2.0,0.0,0.7,0.7,0.1,0.8,10.0,62.0,5.0,0.11,0.0,0.11,0.11,0.11,0.04,0.01,0.05,0.04,0.05,Fulham
Tim Ream,USA,DF,35.0,18,17,1503.0,16.7,1.0,0.0,1.0,1.0,0.0,0.0,4.0,1.0,1.0,1.0,0.0,1.0,11.0,65.0,3.0,0.06,0.0,0.06,0.06,0.06,0.06,0.0,0.06,0.06,0.06,Fulham
Issa Diop,FRA,DF,26.0,18,16,1424.0,15.8,0.0,0.0,0.0,0.0,0.0,0.0,4.0,1.0,0.3,0.3,0.0,0.3,11.0,66.0,1.0,0.0,0.0,0.0,0.0,0.0,0.02,0.0,0.02,0.02,0.02,Fulham
Kenny Tete,NED,DF,27.0,14,10,867.0,9.6,1.0,0.0,1.0,1.0,0.0,0.0,2.0,0.0,0.9,0.9,0.4,1.2,20.0,54.0,38.0,0.1,0.0,0.1,0.1,0.1,0.09,0.04,0.13,0.09,0.13,Fulham
Fodé Ballo-Touré,SEN,"DF,MF",26.0,6,0,71.0,0.8,0.0,0.0,0.0,0.0,0.0,0.0,1.0,0.0,0.0,0.0,0.0,0.0,5.0,0.0,4.0,0.0,0.0,0.0,0.0,0.0,0.0,0.0,0.0,0.0,0.0,Fulham
James Tarkowski,ENG,DF,30.0,38,38,3419.0,38.0,1.0,1.0,2.0,1.0,0.0,0.0,11.0,0.0,2.6,2.6,2.5,5.1,15.0,130.0,20.0,0.03,0.03,0.05,0.03,0.05,0.07,0.06,0.13,0.07,0.13,Everton
Jarrad Branthwaite,ENG,DF,21.0,35,35,3116.0,34.6,3.0,0.0,3.0,3.0,0.0,0.0,8.0,0.0,1.7,1.7,1.0,2.8,2.0,74.0,6.0,0.09,0.0,0.09,0.09,0.09,0.05,0.03,0.08,0.05,0.08,Everton
Vitaliy Mykolenko,UKR,DF,24.0,28,28,2469.0,27.4,2.0,0.0,2.0,2.0,0.0,0.0,1.0,0.0,1.5,1.5,0.9,2.4,14.0,55.0,68.0,0.07,0.0,0.07,0.07,0.07,0.06,0.03,0.09,0.06,0.09,Everton
Ashley Young,ENG,"DF,MF",38.0,31,27,2280.0,25.3,0.0,0.0,0.0,0.0,0.0,0.0,7.0,1.0,0.6,0.6,1.5,2.1,40.0,82.0,61.0,0.0,0.0,0.0,0.0,0.0,0.02,0.06,0.08,0.02,0.08,Everton
Ben Godfrey,ENG,DF,25.0,15,13,1120.0,12.4,0.0,0.0,0.0,0.0,0.0,0.0,2.0,0.0,1.7,1.7,0.3,2.0,11.0,43.0,26.0,0.0,0.0,0.0,0.0,0.0,0.14,0.02,0.16,0.14,0.16,Everton
Nathan Patterson,SCO,DF,21.0,20,9,1005.0,11.2,0.0,2.0,2.0,0.0,0.0,0.0,4.0,0.0,0.3,0.3,1.7,2.0,17.0,38.0,39.0,0.0,0.18,0.18,0.0,0.18,0.03,0.15,0.18,0.03,0.18,Everton
Séamus Coleman,IRL,DF,34.0,12,7,665.0,7.4,0.0,0.0,0.0,0.0,0.0,0.0,0.0,0.0,0.0,0.0,1.0,1.0,5.0,22.0,16.0,0.0,0.0,0.0,0.0,0.0,0.0,0.14,0.14,0.0,0.14,Everton
Michael Keane,ENG,DF,30.0,9,4,439.0,4.9,1.0,0.0,1.0,1.0,0.0,0.0,2.0,0.0,0.7,0.7,0.0,0.7,4.0,14.0,3.0,0.21,0.0,0.21,0.21,0.21,0.14,0.0,0.14,0.14,0.14,Everton
Pascal Groß,GER,"MF,DF",32.0,36,34,3114.0,34.6,4.0,10.0,14.0,3.0,1.0,1.0,6.0,0.0,6.5,5.7,8.1,13.8,83.0,302.0,180.0,0.12,0.29,0.4,0.09,0.38,0.19,0.24,0.42,0.16,0.4,Brighton
Lewis Dunk,ENG,DF,31.0,33,33,2869.0,31.9,3.0,1.0,4.0,3.0,0.0,0.0,7.0,1.0,3.1,3.1,0.9,4.0,33.0,152.0,13.0,0.09,0.03,0.13,0.09,0.13,0.1,0.03,0.12,0.1,0.12,Brighton
Jan Paul van Hecke,NED,DF,23.0,28,26,2369.0,26.3,0.0,0.0,0.0,0.0,0.0,0.0,4.0,0.0,1.2,1.2,0.9,2.1,25.0,147.0,7.0,0.0,0.0,0.0,0.0,0.0,0.05,0.03,0.08,0.05,0.08,Brighton
Igor,BRA,DF,25.0,24,17,1637.0,18.2,0.0,0.0,0.0,0.0,0.0,0.0,4.0,0.0,0.3,0.3,0.7,1.0,30.0,107.0,12.0,0.0,0.0,0.0,0.0,0.0,0.02,0.04,0.05,0.02,0.05,Brighton
Joël Veltman,NED,DF,31.0,27,17,1588.0,17.6,1.0,1.0,2.0,1.0,0.0,0.0,4.0,0.0,0.4,0.4,0.5,0.9,24.0,85.0,54.0,0.06,0.06,0.11,0.06,0.11,0.02,0.03,0.05,0.02,0.05,Brighton
Pervis Estupiñán,ECU,DF,25.0,19,15,1243.0,13.8,2.0,3.0,5.0,2.0,0.0,0.0,4.0,0.0,1.0,1.0,3.5,4.4,47.0,83.0,88.0,0.14,0.22,0.36,0.14,0.36,0.07,0.25,0.32,0.07,0.32,Brighton
Adam Webster,ENG,DF,28.0,15,13,1144.0,12.7,0.0,0.0,0.0,0.0,0.0,0.0,2.0,0.0,0.4,0.4,0.1,0.6,16.0,80.0,2.0,0.0,0.0,0.0,0.0,0.0,0.03,0.01,0.05,0.03,0.05,Brighton
James Milner,ENG,"DF,MF",37.0,15,11,773.0,8.6,0.0,2.0,2.0,0.0,0.0,0.0,3.0,0.0,0.3,0.3,1.8,2.0,11.0,69.0,73.0,0.0,0.23,0.23,0.0,0.23,0.03,0.21,0.24,0.03,0.24,Brighton
Tariq Lamptey,GHA,"DF,FW",22.0,19,10,914.0,10.2,0.0,3.0,3.0,0.0,0.0,0.0,3.0,0.0,0.4,0.4,1.2,1.7,39.0,17.0,64.0,0.0,0.3,0.3,0.0,0.3,0.04,0.12,0.16,0.04,0.16,Brighton
Jack Hinshelwood,ENG,DF,18.0,12,8,869.0,9.7,3.0,0.0,3.0,3.0,0.0,0.0,1.0,0.0,1.9,1.9,0.7,2.5,16.0,19.0,38.0,0.31,0.0,0.31,0.31,0.31,0.19,0.07,0.26,0.19,0.26,Brighton
Solly March,ENG,"FW,DF",29.0,7,7,554.0,6.2,3.0,1.0,4.0,3.0,0.0,0.0,1.0,0.0,2.0,2.0,1.0,2.9,14.0,24.0,44.0,0.49,0.16,0.65,0.49,0.65,0.32,0.16,0.47,0.32,0.47,Brighton
Jakub Moder,POL,"MF,DF",24.0,17,6,618.0,6.9,0.0,0.0,0.0,0.0,0.0,0.0,2.0,0.0,0.6,0.6,0.8,1.3,10.0,23.0,26.0,0.0,0.0,0.0,0.0,0.0,0.08,0.11,0.2,0.08,0.2,Brighton
Valentín Barco,ARG,"DF,FW",19.0,6,3,307.0,3.4,0.0,0.0,0.0,0.0,0.0,0.0,1.0,0.0,0.2,0.2,0.2,0.4,8.0,14.0,20.0,0.0,0.0,0.0,0.0,0.0,0.05,0.07,0.13,0.05,0.13,Brighton
Odeluga Offiah,ENG,DF,20.0,4,1,128.0,1.4,0.0,0.0,0.0,0.0,0.0,0.0,0.0,0.0,0.0,0.0,0.0,0.0,9.0,4.0,9.0,0.0,0.0,0.0,0.0,0.0,0.0,0.0,0.0,0.0,0.0,Brighton
Benicio Boaitey,ENG,"FW,DF",19.0,5,0,40.0,0.4,0.0,0.0,0.0,0.0,0.0,0.0,1.0,0.0,0.0,0.0,0.1,0.1,1.0,2.0,2.0,0.0,0.0,0.0,0.0,0.0,0.05,0.13,0.19,0.05,0.19,Brighton
Illia Zabarnyi,UKR,DF,20.0,37,37,3330.0,37.0,1.0,0.0,1.0,1.0,0.0,0.0,5.0,0.0,1.1,1.1,0.4,1.5,24.0,109.0,1.0,0.03,0.0,0.03,0.03,0.03,0.03,0.01,0.04,0.03,0.04,Bournemouth
Marcos Senesi,ARG,DF,26.0,31,26,2242.0,24.9,4.0,5.0,9.0,4.0,0.0,0.0,13.0,0.0,2.0,2.0,1.7,3.7,31.0,127.0,4.0,0.16,0.2,0.36,0.16,0.36,0.08,0.07,0.15,0.08,0.15,Bournemouth
Adam Smith,ENG,DF,32.0,28,25,2150.0,23.9,0.0,2.0,2.0,0.0,0.0,0.0,6.0,0.0,0.1,0.1,1.3,1.4,24.0,89.0,28.0,0.0,0.08,0.08,0.0,0.08,0.0,0.05,0.06,0.0,0.06,Bournemouth
Milos Kerkez,HUN,DF,19.0,28,22,1970.0,21.9,0.0,1.0,1.0,0.0,0.0,0.0,4.0,1.0,1.2,1.2,0.8,2.0,46.0,44.0,93.0,0.0,0.05,0.05,0.0,0.05,0.06,0.04,0.09,0.06,0.09,Bournemouth
Lloyd Kelly,ENG,DF,24.0,23,17,1559.0,17.3,0.0,1.0,1.0,0.0,0.0,0.0,2.0,0.0,0.3,0.3,1.2,1.6,15.0,56.0,28.0,0.0,0.06,0.06,0.0,0.06,0.02,0.07,0.09,0.02,0.09,Bournemouth
Max Aarons,ENG,DF,23.0,20,13,1237.0,13.7,0.0,1.0,1.0,0.0,0.0,0.0,1.0,0.0,0.0,0.0,0.8,0.9,22.0,43.0,26.0,0.0,0.07,0.07,0.0,0.07,0.0,0.06,0.06,0.0,0.06,Bournemouth
Dango Ouattara,BFA,"FW,DF",21.0,30,12,1229.0,13.7,1.0,2.0,3.0,1.0,0.0,0.0,3.0,0.0,2.6,2.6,1.5,4.1,47.0,35.0,90.0,0.07,0.15,0.22,0.07,0.22,0.19,0.11,0.3,0.19,0.3,Bournemouth
Chris Mepham,WAL,DF,25.0,10,6,617.0,6.9,0.0,1.0,1.0,0.0,0.0,0.0,2.0,0.0,0.1,0.1,0.4,0.5,4.0,25.0,1.0,0.0,0.15,0.15,0.0,0.15,0.01,0.06,0.07,0.01,0.07,Bournemouth
James Hill,ENG,DF,21.0,5,1,76.0,0.8,0.0,0.0,0.0,0.0,0.0,0.0,0.0,0.0,0.0,0.0,0.0,0.0,0.0,5.0,1.0,0.0,0.0,0.0,0.0,0.0,0.0,0.0,0.0,0.0,0.0,Bournemouth
Max Kilman,ENG,DF,26.0,38,38,3420.0,38.0,2.0,0.0,2.0,2.0,0.0,0.0,7.0,0.0,1.8,1.8,1.4,3.2,22.0,117.0,5.0,0.05,0.0,0.05,0.05,0.05,0.05,0.04,0.08,0.05,0.08,Wolverhampton
Nélson Semedo,POR,"DF,MF",29.0,36,36,3084.0,34.3,0.0,1.0,1.0,0.0,0.0,0.0,10.0,1.0,1.3,1.3,1.7,3.0,103.0,138.0,150.0,0.0,0.03,0.03,0.0,0.03,0.04,0.05,0.09,0.04,0.09,Wolverhampton
Toti Gomes,POR,DF,24.0,35,31,2772.0,30.8,1.0,3.0,4.0,1.0,0.0,0.0,7.0,0.0,1.6,1.6,1.2,2.8,22.0,79.0,11.0,0.03,0.1,0.13,0.03,0.13,0.05,0.04,0.09,0.05,0.09,Wolverhampton
Rayan Aït-Nouri,ALG,"DF,MF",22.0,33,29,2329.0,25.9,2.0,1.0,3.0,2.0,0.0,0.0,7.0,0.0,3.3,3.3,2.4,5.6,67.0,99.0,99.0,0.08,0.04,0.12,0.08,0.12,0.13,0.09,0.22,0.13,0.22,Wolverhampton
Craig Dawson,ENG,DF,33.0,25,25,2209.0,24.5,1.0,1.0,2.0,1.0,0.0,0.0,7.0,0.0,1.5,1.5,1.4,2.9,1.0,49.0,4.0,0.04,0.04,0.08,0.04,0.08,0.06,0.06,0.12,0.06,0.12,Wolverhampton
Matt Doherty,IRL,"DF,MF",31.0,30,9,1150.0,12.8,1.0,0.0,1.0,1.0,0.0,0.0,2.0,0.0,0.8,0.8,1.3,2.2,12.0,31.0,64.0,0.08,0.0,0.08,0.08,0.08,0.07,0.1,0.17,0.07,0.17,Wolverhampton
Santiago Bueno,URU,DF,24.0,12,9,822.0,9.1,0.0,0.0,0.0,0.0,0.0,0.0,1.0,0.0,0.0,0.0,0.1,0.1,3.0,11.0,2.0,0.0,0.0,0.0,0.0,0.0,0.0,0.01,0.01,0.0,0.01,Wolverhampton
Hugo Bueno,ESP,"DF,MF",20.0,22,7,741.0,8.2,0.0,0.0,0.0,0.0,0.0,0.0,1.0,0.0,0.3,0.3,0.8,1.0,22.0,8.0,40.0,0.0,0.0,0.0,0.0,0.0,0.03,0.09,0.13,0.03,0.13,Wolverhampton
Enso Gonzalez,PAR,"MF,DF",18.0,1,0,1.0,0.0,0.0,0.0,0.0,0.0,0.0,0.0,0.0,0.0,0.0,0.0,0.0,0.0,0.0,0.0,2.0,0.0,0.0,0.0,0.0,0.0,0.0,0.0,0.0,0.0,0.0,Wolverhampton
Vitaly Janelt,GER,"MF,DF",25.0,38,37,3054.0,33.9,1.0,3.0,4.0,1.0,0.0,0.0,8.0,0.0,1.8,1.8,4.8,6.5,25.0,123.0,81.0,0.03,0.09,0.12,0.03,0.12,0.05,0.14,0.19,0.05,0.19,Brentford
Nathan Collins,IRL,DF,22.0,32,29,2652.0,29.5,1.0,1.0,2.0,1.0,0.0,0.0,3.0,0.0,1.7,1.7,2.2,3.9,11.0,97.0,18.0,0.03,0.03,0.07,0.03,0.07,0.06,0.07,0.13,0.06,0.13,Brentford
Ethan Pinnock,JAM,DF,30.0,29,28,2521.0,28.0,2.0,0.0,2.0,2.0,0.0,0.0,1.0,0.0,2.0,2.0,1.0,3.0,11.0,61.0,16.0,0.07,0.0,0.07,0.07,0.07,0.07,0.04,0.11,0.07,0.11,Brentford
Mads Roerslev,DEN,DF,24.0,34,22,1985.0,22.1,1.0,2.0,3.0,1.0,0.0,0.0,1.0,0.0,0.9,0.9,1.8,2.7,18.0,43.0,90.0,0.05,0.09,0.14,0.05,0.14,0.04,0.08,0.12,0.04,0.12,Brentford
Kristoffer Ajer,NOR,DF,25.0,28,21,1832.0,20.4,2.0,1.0,3.0,2.0,0.0,0.0,5.0,0.0,1.3,1.3,2.3,3.6,22.0,61.0,31.0,0.1,0.05,0.15,0.1,0.15,0.06,0.11,0.18,0.06,0.18,Brentford
Keane Lewis-Potter,ENG,"FW,DF",22.0,30,15,1441.0,16.0,3.0,1.0,4.0,3.0,0.0,0.0,0.0,0.0,6.3,6.3,1.7,8.0,56.0,32.0,135.0,0.19,0.06,0.25,0.19,0.25,0.39,0.11,0.5,0.39,0.5,Brentford
Ben Mee,ENG,DF,33.0,16,15,1272.0,14.1,2.0,0.0,2.0,2.0,0.0,0.0,1.0,1.0,1.5,1.5,0.3,1.8,11.0,49.0,9.0,0.14,0.0,0.14,0.14,0.14,0.1,0.02,0.13,0.1,0.13,Brentford
Sergio Reguilón,ESP,DF,26.0,16,14,1118.0,12.4,0.0,4.0,4.0,0.0,0.0,0.0,4.0,1.0,0.8,0.8,2.8,3.6,34.0,38.0,40.0,0.0,0.32,0.32,0.0,0.32,0.06,0.23,0.29,0.06,0.29,Brentford
Mathias Jørgensen,DEN,DF,33.0,14,12,1087.0,12.1,1.0,0.0,1.0,1.0,0.0,0.0,4.0,0.0,0.7,0.7,0.9,1.7,5.0,50.0,4.0,0.08,0.0,0.08,0.08,0.08,0.06,0.08,0.14,0.06,0.14,Brentford
Aaron Hickey,SCO,DF,21.0,9,9,713.0,7.9,0.0,0.0,0.0,0.0,0.0,0.0,5.0,0.0,0.2,0.2,0.1,0.3,9.0,21.0,13.0,0.0,0.0,0.0,0.0,0.0,0.03,0.01,0.04,0.03,0.04,Brentford
Saman Ghoddos,IRN,DF,29.0,19,7,739.0,8.2,1.0,0.0,1.0,1.0,0.0,0.0,5.0,0.0,0.3,0.3,1.1,1.4,22.0,36.0,31.0,0.12,0.0,0.12,0.12,0.12,0.04,0.13,0.17,0.04,0.17,Brentford
Rico Henry,ENG,DF,26.0,5,5,401.0,4.5,0.0,1.0,1.0,0.0,0.0,0.0,1.0,0.0,0.1,0.1,1.0,1.1,13.0,20.0,12.0,0.0,0.22,0.22,0.0,0.22,0.02,0.22,0.24,0.02,0.24,Brentford
Michael Olakigbe,ENG,"DF,FW",19.0,8,0,59.0,0.7,0.0,0.0,0.0,0.0,0.0,0.0,0.0,0.0,0.1,0.1,0.0,0.1,10.0,4.0,17.0,0.0,0.0,0.0,0.0,0.0,0.18,0.0,0.18,0.18,0.18,Brentford
Josh Dasilva,ENG,"DF,FW",24.0,3,0,24.0,0.3,0.0,0.0,0.0,0.0,0.0,0.0,0.0,0.0,0.0,0.0,0.2,0.2,2.0,2.0,5.0,0.0,0.0,0.0,0.0,0.0,0.0,0.72,0.72,0.0,0.72,Brentford
Myles Peart-Harris,ENG,"DF,MF",20.0,3,0,13.0,0.1,0.0,0.0,0.0,0.0,0.0,0.0,0.0,0.0,0.0,0.0,0.0,0.0,2.0,1.0,1.0,0.0,0.0,0.0,0.0,0.0,0.0,0.12,0.12,0.0,0.12,Brentford
Murillo,BRA,DF,21.0,32,32,2789.0,31.0,0.0,2.0,2.0,0.0,0.0,0.0,5.0,0.0,1.8,1.8,1.2,3.0,22.0,89.0,7.0,0.0,0.06,0.06,0.0,0.06,0.06,0.04,0.1,0.06,0.1,Nottingham Forest
Ola Aina,NGA,DF,26.0,22,20,1692.0,18.8,1.0,1.0,2.0,1.0,0.0,0.0,3.0,0.0,0.3,0.3,0.9,1.2,53.0,68.0,38.0,0.05,0.05,0.11,0.05,0.11,0.01,0.05,0.06,0.01,0.06,Nottingham Forest
Neco Williams,WAL,DF,22.0,26,18,1637.0,18.2,0.0,1.0,1.0,0.0,0.0,0.0,4.0,0.0,0.8,0.8,1.6,2.5,48.0,47.0,86.0,0.0,0.05,0.05,0.0,0.05,0.04,0.09,0.13,0.04,0.13,Nottingham Forest
Willy Boly,CIV,DF,32.0,20,18,1438.0,16.0,2.0,1.0,3.0,2.0,0.0,0.0,3.0,1.0,1.5,1.5,1.3,2.8,4.0,32.0,3.0,0.13,0.06,0.19,0.13,0.19,0.09,0.08,0.18,0.09,0.18,Nottingham Forest
Moussa Niakhate,SEN,DF,27.0,21,15,1460.0,16.2,1.0,0.0,1.0,1.0,0.0,0.0,5.0,1.0,1.1,1.1,0.1,1.2,13.0,39.0,6.0,0.06,0.0,0.06,0.06,0.06,0.07,0.01,0.08,0.07,0.08,Nottingham Forest
Harry Toffolo,ENG,DF,27.0,23,15,1459.0,16.2,1.0,3.0,4.0,1.0,0.0,0.0,3.0,0.0,1.6,1.6,1.5,3.2,10.0,42.0,34.0,0.06,0.19,0.25,0.06,0.25,0.1,0.1,0.2,0.1,0.2,Nottingham Forest
Serge Aurier,CIV,"DF,MF",30.0,12,10,833.0,9.3,0.0,2.0,2.0,0.0,0.0,0.0,2.0,0.0,0.2,0.2,0.5,0.6,10.0,47.0,29.0,0.0,0.22,0.22,0.0,0.22,0.02,0.05,0.07,0.02,0.07,Nottingham Forest
Gonzalo Montiel,ARG,DF,26.0,14,8,801.0,8.9,0.0,2.0,2.0,0.0,0.0,0.0,5.0,0.0,0.1,0.1,1.4,1.5,10.0,28.0,32.0,0.0,0.22,0.22,0.0,0.22,0.01,0.15,0.17,0.01,0.17,Nottingham Forest
Andrew Omobamidele,IRL,DF,21.0,11,8,783.0,8.7,0.0,0.0,0.0,0.0,0.0,0.0,2.0,0.0,0.1,0.1,0.1,0.2,1.0,8.0,0.0,0.0,0.0,0.0,0.0,0.0,0.02,0.01,0.03,0.02,0.03,Nottingham Forest
Nuno Tavares,POR,DF,23.0,8,5,457.0,5.1,0.0,0.0,0.0,0.0,0.0,0.0,2.0,0.0,0.2,0.2,0.5,0.7,14.0,24.0,12.0,0.0,0.0,0.0,0.0,0.0,0.03,0.1,0.13,0.03,0.13,Nottingham Forest
Joe Worrall,ENG,DF,26.0,7,5,439.0,4.9,0.0,0.0,0.0,0.0,0.0,0.0,0.0,1.0,0.1,0.1,0.2,0.3,0.0,8.0,1.0,0.0,0.0,0.0,0.0,0.0,0.02,0.04,0.06,0.02,0.06,Nottingham Forest
Scott McKenna,SCO,DF,26.0,5,5,416.0,4.6,0.0,0.0,0.0,0.0,0.0,0.0,0.0,0.0,0.2,0.2,0.2,0.4,1.0,10.0,0.0,0.0,0.0,0.0,0.0,0.0,0.05,0.04,0.08,0.05,0.08,Nottingham Forest
Felipe,BRA,DF,34.0,7,4,375.0,4.2,0.0,0.0,0.0,0.0,0.0,0.0,4.0,0.0,0.1,0.1,0.1,0.2,1.0,6.0,0.0,0.0,0.0,0.0,0.0,0.0,0.03,0.01,0.04,0.03,0.04,Nottingham Forest
Alfie Doughty,ENG,DF,23.0,37,34,2925.0,32.5,2.0,8.0,10.0,2.0,0.0,0.0,5.0,0.0,1.3,1.3,6.3,7.6,94.0,106.0,164.0,0.06,0.25,0.31,0.06,0.31,0.04,0.19,0.23,0.04,0.23,Luton Town
Teden Mengi,ENG,DF,21.0,30,28,2469.0,27.4,1.0,0.0,1.0,1.0,0.0,0.0,3.0,0.0,0.6,0.6,0.3,0.9,15.0,54.0,1.0,0.04,0.0,0.04,0.04,0.04,0.02,0.01,0.03,0.02,0.03,Luton Town
Gabriel Osho,NGA,DF,24.0,21,21,1846.0,20.5,2.0,0.0,2.0,2.0,0.0,0.0,3.0,0.0,1.1,1.1,0.1,1.2,10.0,37.0,4.0,0.1,0.0,0.1,0.1,0.1,0.05,0.01,0.06,0.05,0.06,Luton Town
Issa Kaboré,BFA,DF,22.0,24,21,1729.0,19.2,0.0,2.0,2.0,0.0,0.0,0.0,7.0,0.0,0.2,0.2,2.1,2.3,60.0,54.0,85.0,0.0,0.1,0.1,0.0,0.1,0.01,0.11,0.12,0.01,0.12,Luton Town
Amari'i Bell,JAM,DF,29.0,21,21,1720.0,19.1,0.0,0.0,0.0,0.0,0.0,0.0,0.0,0.0,0.3,0.3,0.5,0.7,32.0,76.0,10.0,0.0,0.0,0.0,0.0,0.0,0.01,0.02,0.04,0.01,0.04,Luton Town
Chiedozie Ogbene,IRL,"MF,DF",26.0,30,20,1995.0,22.2,4.0,1.0,5.0,4.0,0.0,0.0,1.0,0.0,4.2,4.2,3.1,7.4,127.0,53.0,150.0,0.18,0.05,0.23,0.18,0.23,0.19,0.14,0.33,0.19,0.33,Luton Town
Reece Burke,ENG,DF,26.0,22,20,1660.0,18.4,0.0,4.0,4.0,0.0,0.0,0.0,5.0,0.0,1.3,1.3,1.4,2.7,11.0,67.0,14.0,0.0,0.22,0.22,0.0,0.22,0.07,0.07,0.15,0.07,0.15,Luton Town
Tom Lockyer,WAL,DF,28.0,14,14,1169.0,13.0,1.0,1.0,2.0,1.0,0.0,0.0,4.0,0.0,1.1,1.1,0.6,1.7,6.0,37.0,2.0,0.08,0.08,0.15,0.08,0.15,0.08,0.05,0.13,0.08,0.13,Luton Town
Daiki Hashioka,JPN,DF,24.0,10,6,595.0,6.6,0.0,0.0,0.0,0.0,0.0,0.0,0.0,0.0,0.1,0.1,0.7,0.8,3.0,21.0,16.0,0.0,0.0,0.0,0.0,0.0,0.02,0.1,0.12,0.02,0.12,Luton Town
Ryan John Giles,ENG,"DF,MF",23.0,11,5,503.0,5.6,0.0,0.0,0.0,0.0,0.0,0.0,0.0,0.0,0.1,0.1,0.2,0.3,9.0,17.0,30.0,0.0,0.0,0.0,0.0,0.0,0.02,0.04,0.06,0.02,0.06,Luton Town
Fred Onyedinma,ENG,"DF,MF",26.0,8,4,407.0,4.5,0.0,0.0,0.0,0.0,0.0,0.0,1.0,0.0,0.2,0.2,0.1,0.3,9.0,6.0,21.0,0.0,0.0,0.0,0.0,0.0,0.04,0.02,0.06,0.04,0.06,Luton Town
Mads Juel Andersen,DEN,DF,25.0,8,4,400.0,4.4,1.0,0.0,1.0,1.0,0.0,0.0,1.0,0.0,0.3,0.3,0.0,0.3,0.0,7.0,1.0,0.23,0.0,0.23,0.23,0.23,0.06,0.0,0.06,0.06,0.06,Luton Town
Luke Berry,ENG,"MF,DF",31.0,17,2,323.0,3.6,2.0,1.0,3.0,2.0,0.0,0.0,1.0,0.0,1.0,1.0,0.3,1.3,1.0,8.0,7.0,0.56,0.28,0.84,0.56,0.84,0.28,0.07,0.35,0.28,0.35,Luton Town
Joseph Johnson,ENG,DF,17.0,2,0,77.0,0.9,0.0,0.0,0.0,0.0,0.0,0.0,1.0,0.0,0.0,0.0,0.0,0.0,0.0,2.0,1.0,0.0,0.0,0.0,0.0,0.0,0.0,0.0,0.0,0.0,0.0,Luton Town
Zack Nelson,ENG,"MF,DF",18.0,2,0,7.0,0.1,0.0,0.0,0.0,0.0,0.0,0.0,0.0,0.0,0.0,0.0,0.0,0.0,0.0,0.0,0.0,0.0,0.0,0.0,0.0,0.0,0.0,0.0,0.0,0.0,0.0,Luton Town
Dara O'Shea,IRL,DF,24.0,33,32,2892.0,32.1,3.0,4.0,7.0,3.0,0.0,0.0,5.0,1.0,0.7,0.7,2.0,2.7,32.0,122.0,10.0,0.09,0.12,0.22,0.09,0.22,0.02,0.06,0.08,0.02,0.08,Burnley
Vitinho,BRA,"DF,MF",24.0,32,26,2314.0,25.7,0.0,2.0,2.0,0.0,0.0,0.0,1.0,0.0,1.6,1.6,1.3,2.9,59.0,66.0,110.0,0.0,0.08,0.08,0.0,0.08,0.06,0.05,0.11,0.06,0.11,Burnley
Charlie Taylor,ENG,DF,29.0,28,25,2331.0,25.9,1.0,1.0,2.0,1.0,0.0,0.0,8.0,0.0,0.2,0.2,1.2,1.5,36.0,82.0,81.0,0.04,0.04,0.08,0.04,0.08,0.01,0.05,0.06,0.01,0.06,Burnley
Maxime Estève,FRA,DF,21.0,16,15,1309.0,14.5,0.0,0.0,0.0,0.0,0.0,0.0,6.0,0.0,0.3,0.3,0.0,0.3,15.0,40.0,3.0,0.0,0.0,0.0,0.0,0.0,0.02,0.0,0.02,0.02,0.02,Burnley
Lorenz Assignon,TOG,DF,23.0,15,15,1234.0,13.7,1.0,2.0,3.0,1.0,0.0,0.0,5.0,1.0,0.4,0.4,2.6,3.0,38.0,34.0,57.0,0.07,0.15,0.22,0.07,0.22,0.03,0.19,0.22,0.03,0.22,Burnley
Jordan Beyer,GER,DF,23.0,15,15,1234.0,13.7,0.0,1.0,1.0,0.0,0.0,0.0,6.0,0.0,0.5,0.5,0.3,0.8,9.0,25.0,1.0,0.0,0.07,0.07,0.0,0.07,0.04,0.02,0.06,0.04,0.06,Burnley
Ameen Al-Dakhil,BEL,DF,21.0,13,12,1056.0,11.7,1.0,0.0,1.0,1.0,0.0,0.0,1.0,0.0,1.3,1.3,0.1,1.4,7.0,35.0,9.0,0.09,0.0,0.09,0.09,0.09,0.11,0.01,0.12,0.11,0.12,Burnley
Connor Roberts,WAL,DF,27.0,14,8,823.0,9.1,0.0,1.0,1.0,0.0,0.0,0.0,5.0,1.0,0.0,0.0,0.2,0.2,6.0,38.0,13.0,0.0,0.11,0.11,0.0,0.11,0.0,0.02,0.02,0.0,0.02,Burnley
Hannes Delcroix,BEL,DF,24.0,12,5,589.0,6.5,0.0,0.0,0.0,0.0,0.0,0.0,2.0,0.0,0.4,0.4,0.2,0.6,2.0,18.0,6.0,0.0,0.0,0.0,0.0,0.0,0.05,0.03,0.09,0.05,0.09,Burnley
Hjalmar Ekdal,SWE,DF,24.0,8,5,437.0,4.9,0.0,0.0,0.0,0.0,0.0,0.0,2.0,0.0,0.1,0.1,0.1,0.1,5.0,11.0,1.0,0.0,0.0,0.0,0.0,0.0,0.01,0.01,0.03,0.01,0.03,Burnley
Han-Noah Massengo,FRA,"MF,DF",22.0,3,0,16.0,0.2,0.0,0.0,0.0,0.0,0.0,0.0,0.0,0.0,0.0,0.0,0.0,0.0,2.0,0.0,0.0,0.0,0.0,0.0,0.0,0.0,0.0,0.0,0.0,0.0,0.0,Burnley
Jayden Bogle,ENG,DF,23.0,34,32,2788.0,31.0,3.0,0.0,3.0,3.0,0.0,0.0,9.0,0.0,2.3,2.3,1.0,3.3,38.0,60.0,92.0,0.1,0.0,0.1,0.1,0.1,0.07,0.03,0.11,0.07,0.11,Sheffield United
Jack Robinson,ENG,DF,29.0,34,31,2885.0,32.1,1.0,1.0,2.0,1.0,0.0,0.0,10.0,0.0,1.2,1.2,1.2,2.4,8.0,63.0,14.0,0.03,0.03,0.06,0.03,0.06,0.04,0.04,0.08,0.04,0.08,Sheffield United
Anel Ahmedhodžić,BIH,DF,24.0,31,29,2649.0,29.4,2.0,0.0,2.0,2.0,0.0,0.0,11.0,1.0,3.1,3.1,0.8,4.0,15.0,43.0,21.0,0.07,0.0,0.07,0.07,0.07,0.11,0.03,0.14,0.11,0.14,Sheffield United
Auston Trusty,USA,DF,24.0,32,28,2572.0,28.6,0.0,0.0,0.0,0.0,0.0,0.0,4.0,0.0,0.4,0.4,1.1,1.5,10.0,40.0,15.0,0.0,0.0,0.0,0.0,0.0,0.01,0.04,0.05,0.01,0.05,Sheffield United
Ben Osborn,ENG,"DF,MF",28.0,24,14,1367.0,15.2,0.0,2.0,2.0,0.0,0.0,0.0,3.0,0.0,0.2,0.2,0.9,1.1,16.0,55.0,44.0,0.0,0.13,0.13,0.0,0.13,0.01,0.06,0.07,0.01,0.07,Sheffield United
Andre Brooks,ENG,"MF,DF",19.0,20,12,938.0,10.4,0.0,0.0,0.0,0.0,0.0,0.0,1.0,0.0,0.4,0.4,0.1,0.5,12.0,18.0,22.0,0.0,0.0,0.0,0.0,0.0,0.04,0.01,0.05,0.04,0.05,Sheffield United
George Baldock,GRE,DF,30.0,13,11,969.0,10.8,0.0,1.0,1.0,0.0,0.0,0.0,4.0,0.0,0.0,0.0,0.8,0.8,9.0,31.0,24.0,0.0,0.09,0.09,0.0,0.09,0.0,0.07,0.08,0.0,0.08,Sheffield United
Luke Thomas,ENG,DF,22.0,12,11,917.0,10.2,0.0,0.0,0.0,0.0,0.0,0.0,3.0,0.0,0.5,0.5,0.1,0.6,8.0,33.0,22.0,0.0,0.0,0.0,0.0,0.0,0.05,0.0,0.06,0.05,0.06,Sheffield United
Mason Holgate,ENG,DF,26.0,10,9,710.0,7.9,0.0,0.0,0.0,0.0,0.0,0.0,3.0,1.0,0.6,0.6,0.4,1.1,0.0,13.0,0.0,0.0,0.0,0.0,0.0,0.0,0.08,0.05,0.13,0.08,0.13,Sheffield United
Yasser Larouci,ALG,DF,22.0,11,6,531.0,5.9,0.0,0.0,0.0,0.0,0.0,0.0,1.0,0.0,0.2,0.2,0.3,0.5,18.0,14.0,12.0,0.0,0.0,0.0,0.0,0.0,0.04,0.05,0.09,0.04,0.09,Sheffield United
John Egan,IRL,DF,30.0,6,6,482.0,5.4,0.0,0.0,0.0,0.0,0.0,0.0,2.0,0.0,0.2,0.2,0.0,0.2,0.0,5.0,1.0,0.0,0.0,0.0,0.0,0.0,0.03,0.0,0.03,0.03,0.03,Sheffield United
Max Lowe,ENG,"DF,MF",26.0,10,4,503.0,5.6,0.0,0.0,0.0,0.0,0.0,0.0,1.0,0.0,0.6,0.6,0.7,1.3,5.0,12.0,11.0,0.0,0.0,0.0,0.0,0.0,0.1,0.13,0.23,0.1,0.23,Sheffield United
Chris Basham,ENG,"DF,MF",35.0,8,3,321.0,3.6,0.0,0.0,0.0,0.0,0.0,0.0,1.0,0.0,0.1,0.1,0.3,0.4,1.0,7.0,6.0,0.0,0.0,0.0,0.0,0.0,0.04,0.07,0.1,0.04,0.1,Sheffield United
Rhys Norrington-Davies,WAL,DF,24.0,5,2,110.0,1.2,0.0,0.0,0.0,0.0,0.0,0.0,1.0,0.0,0.0,0.0,0.0,0.0,3.0,2.0,6.0,0.0,0.0,0.0,0.0,0.0,0.0,0.01,0.01,0.0,0.01,Sheffield United
John Fleck,SCO,"MF,DF",31.0,4,1,92.0,1.0,0.0,0.0,0.0,0.0,0.0,0.0,1.0,0.0,0.0,0.0,0.4,0.4,2.0,3.0,0.0,0.0,0.0,0.0,0.0,0.0,0.0,0.44,0.44,0.0,0.44,Sheffield United
Sam Curtis,IRL,DF,17.0,1,0,28.0,0.3,0.0,0.0,0.0,0.0,0.0,0.0,0.0,0.0,0.0,0.0,0.0,0.0,0.0,1.0,1.0,0.0,0.0,0.0,0.0,0.0,0.0,0.0,0.0,0.0,0.0,Sheffield United
