,,,,,,,,,,,,,Basic Stats Per 90,Basic Stats Per 90,Basic Stats Per 90,Basic Stats Per 90,Basic Stats Per 90,Basic Stats Per 90,Basic Stats Per 90,,-additional
,,,,,,,Playing Time,Playing Time,Playing Time,Playing Time,Playing Time,Playing Time,Performance,Performance,Performance,Performance,Performance,Performance,Performance,,-9999
Rk,Player,Season,Age,Nation,Team,Comp,MP,Min,90s,Starts,Subs,unSub,Gls,Ast,G+A,G-PK,PK,PKatt,PKm,Pos,-9999
1,Max Aarons,2023-2024,23,eng ENG,Bournemouth,eng Premier League,20,1237,13.7,13,7,5,0.0,0.1,0.1,0.0,0.0,0.0,0.0,DF,774cf58b
2,Tosin Adarabioyo,2023-2024,25,eng ENG,Fulham,eng Premier League,20,1617,18.0,18,2,2,0.1,0.0,0.1,0.1,0.0,0.0,0.0,DF,c81d773d
3,Elijah Adebayo,2023-2024,25,eng ENG,Luton Town,eng Premier League,27,1419,15.8,16,11,0,0.6,0.0,0.6,0.6,0.0,0.0,0.0,FW,0480ebc7
4,Simon Adingra,2023-2024,21,ci CIV,Brighton,eng Premier League,31,2222,24.7,25,6,1,0.2,0.0,0.3,0.2,0.0,0.0,0.0,FW,4dcec659
5,Nayef Aguerd,2023-2024,27,ma MAR,West Ham,eng Premier League,21,1857,20.6,21,0,4,0.0,0.0,0.0,0.0,0.0,0.0,0.0,DF,288e1e13
6,Anel Ahmedhodžić,2023-2024,24,ba BIH,Sheffield Utd,eng Premier League,31,2649,29.4,29,2,0,0.1,0.0,0.1,0.1,0.0,0.0,0.0,DF,eab957a3
7,Ola Aina,2023-2024,26,ng NGA,Nott'ham Forest,eng Premier League,22,1692,18.8,20,2,3,0.1,0.1,0.1,0.1,0.0,0.0,0.0,DF,246d153b
8,Rayan Aït-Nouri,2023-2024,22,dz ALG,Wolves,eng Premier League,33,2329,25.9,29,4,0,0.1,0.0,0.1,0.1,0.0,0.0,0.0,DFMF,9b398aea
9,Kristoffer Ajer,2023-2024,25,no NOR,Brentford,eng Premier League,28,1832,20.4,21,7,1,0.1,0.0,0.1,0.1,0.0,0.0,0.0,DF,a8c0acb7
10,Manuel Akanji,2023-2024,28,ch SUI,Manchester City,eng Premier League,30,2511,27.9,28,2,4,0.1,0.0,0.1,0.1,0.0,0.0,0.0,DFMF,89ac64a6
11,Nathan Aké,2023-2024,28,nl NED,Manchester City,eng Premier League,29,2042,22.7,24,5,6,0.1,0.1,0.2,0.1,0.0,0.0,0.0,DF,eaeca114
12,Trent Alexander-Arnold,2023-2024,24,eng ENG,Liverpool,eng Premier League,28,2155,23.9,25,3,0,0.1,0.2,0.3,0.1,0.0,0.0,0.0,DF,cd1acf9d
13,Alisson,2023-2024,30,br BRA,Liverpool,eng Premier League,28,2520,28.0,28,0,0,0.0,0.0,0.0,0.0,0.0,0.0,0.0,GK,7a2e46a8
14,Miguel Almirón,2023-2024,29,py PAR,Newcastle Utd,eng Premier League,33,1937,21.5,23,10,0,0.1,0.0,0.2,0.1,0.0,0.0,0.0,FW,862a1c15
15,Edson Álvarez,2023-2024,25,mx MEX,West Ham,eng Premier League,31,2377,26.4,28,3,1,0.0,0.0,0.1,0.0,0.0,0.0,0.0,MF,8b3ab7ad
16,Julián Álvarez,2023-2024,23,ar ARG,Manchester City,eng Premier League,36,2647,29.4,31,5,2,0.4,0.3,0.6,0.3,0.1,0.1,0.0,MFFW,15ab5a2b
17,Zeki Amdouni,2023-2024,22,ch SUI,Burnley,eng Premier League,34,1953,21.7,27,7,4,0.2,0.0,0.3,0.2,0.0,0.0,0.0,FW,2ee5b0c9
18,Sofyan Amrabat,2023-2024,26,ma MAR,Manchester Utd,eng Premier League,21,938,10.4,10,11,8,0.0,0.0,0.0,0.0,0.0,0.0,0.0,MFDF,5a2cb25d
19,Joachim Andersen,2023-2024,27,dk DEN,Crystal Palace,eng Premier League,38,3415,37.9,38,0,0,0.1,0.1,0.1,0.1,0.0,0.0,0.0,DF,e34fc66d
20,Elliot Anderson,2023-2024,20,eng ENG,Newcastle Utd,eng Premier League,21,1027,11.4,10,11,0,0.0,0.2,0.2,0.0,0.0,0.0,0.0,MFFW,de31038e
21,Michail Antonio,2023-2024,33,jm JAM,West Ham,eng Premier League,26,1695,18.8,21,5,0,0.3,0.1,0.4,0.3,0.0,0.0,0.0,FW,ac05f970
22,Antony,2023-2024,23,br BRA,Manchester Utd,eng Premier League,29,1324,14.7,15,14,4,0.1,0.1,0.1,0.1,0.0,0.0,0.0,FW,99127249
23,Oliver Arblaster,2023-2024,19,eng ENG,Sheffield Utd,eng Premier League,12,943,10.5,11,1,2,0.0,0.0,0.0,0.0,0.0,0.0,0.0,MF,afe1a491
24,Cameron Archer,2023-2024,22,eng ENG,2 Teams,eng Premier League,30,1838,20.4,21,9,1,0.2,0.0,0.2,0.2,0.0,0.0,0.0,FWMF,05e8ca6d
25,Alphonse Areola,2023-2024,30,fr FRA,West Ham,eng Premier League,31,2699,30.0,31,0,2,0.0,0.0,0.0,0.0,0.0,0.0,0.0,GK,2f965a72
26,Lorenz Assignon,2023-2024,23,tg TOG,Burnley,eng Premier League,15,1234,13.7,15,0,0,0.1,0.1,0.2,0.1,0.0,0.0,0.0,DF,b026bbf6
27,Serge Aurier,2023-2024,30,ci CIV,Nott'ham Forest,eng Premier League,12,833,9.3,10,2,1,0.0,0.2,0.2,0.0,0.0,0.0,0.0,DFMF,5c2b4f07
28,Taiwo Awoniyi,2023-2024,25,ng NGA,Nott'ham Forest,eng Premier League,20,1042,11.6,12,8,0,0.5,0.3,0.8,0.5,0.0,0.0,0.0,FW,e5478b87
29,Jordan Ayew,2023-2024,31,gh GHA,Crystal Palace,eng Premier League,35,2543,28.3,30,5,1,0.1,0.2,0.4,0.1,0.0,0.0,0.0,FWMF,da052c14
30,Benoît Badiashile,2023-2024,22,fr FRA,Chelsea,eng Premier League,18,1338,14.9,15,3,7,0.0,0.1,0.1,0.0,0.0,0.0,0.0,DF,06df8256
31,Leon Bailey,2023-2024,25,jm JAM,Aston Villa,eng Premier League,35,2068,23.0,22,13,1,0.4,0.4,0.8,0.4,0.0,0.0,0.0,MFFW,3a233281
32,George Baldock,2023-2024,30,gr GRE,Sheffield Utd,eng Premier League,13,969,10.8,11,2,1,0.0,0.1,0.1,0.0,0.0,0.0,0.0,DF,394854c4
33,Carlos Baleba,2023-2024,19,cm CMR,Brighton,eng Premier League,27,1325,14.7,15,12,7,0.0,0.0,0.0,0.0,0.0,0.0,0.0,MF,a1390d2f
34,Ross Barkley,2023-2024,29,eng ENG,Luton Town,eng Premier League,32,2618,29.1,30,2,0,0.2,0.1,0.3,0.2,0.0,0.0,0.0,MF,3a24769f
35,Harvey Barnes,2023-2024,25,eng ENG,Newcastle Utd,eng Premier League,21,802,8.9,7,14,0,0.6,0.3,0.9,0.6,0.0,0.0,0.0,FWMF,3ea50f67
36,Calvin Bassey,2023-2024,23,ng NGA,Fulham,eng Premier League,29,2303,25.6,25,4,4,0.0,0.0,0.0,0.0,0.0,0.0,0.0,DF,a36524bf
37,Amari'i Bell,2023-2024,29,jm JAM,Luton Town,eng Premier League,21,1720,19.1,21,0,0,0.0,0.0,0.0,0.0,0.0,0.0,0.0,DF,399e9474
38,Jean-Ricner Bellegarde,2023-2024,25,fr FRA,Wolves,eng Premier League,22,958,10.6,10,12,0,0.2,0.1,0.3,0.2,0.0,0.0,0.0,MFFW,10f0fdd3
39,Saïd Benrahma,2023-2024,27,dz ALG,West Ham,eng Premier League,13,620,6.9,5,8,7,0.0,0.1,0.1,0.0,0.0,0.1,0.1,FWMF,5a04fd92
40,Rodrigo Bentancur,2023-2024,26,uy URU,Tottenham,eng Premier League,23,1005,11.2,13,10,0,0.1,0.1,0.2,0.1,0.0,0.0,0.0,MF,3b8674e6
41,Jóhann Berg Guðmundsson,2023-2024,32,is ISL,Burnley,eng Premier League,26,1192,13.2,12,14,5,0.1,0.2,0.3,0.1,0.0,0.0,0.0,MFFW,f72293fc
42,Sander Berge,2023-2024,25,no NOR,Burnley,eng Premier League,37,3005,33.4,34,3,0,0.0,0.1,0.1,0.0,0.0,0.0,0.0,MF,d0b6129f
43,Beto,2023-2024,25,gw GNB,Everton,eng Premier League,30,951,10.6,9,21,2,0.3,0.0,0.3,0.3,0.0,0.1,0.1,FW,ed5c0319
44,Jordan Beyer,2023-2024,23,de GER,Burnley,eng Premier League,15,1234,13.7,15,0,0,0.0,0.1,0.1,0.0,0.0,0.0,0.0,DF,9af1f9ff
45,Philip Billing,2023-2024,27,dk DEN,Bournemouth,eng Premier League,29,1398,15.5,13,16,4,0.1,0.1,0.3,0.1,0.0,0.0,0.0,MF,d328a254
46,Yves Bissouma,2023-2024,26,ml MLI,Tottenham,eng Premier League,28,2068,23.0,26,2,0,0.0,0.0,0.0,0.0,0.0,0.0,0.0,MF,6c203af0
47,Jayden Bogle,2023-2024,23,eng ENG,Sheffield Utd,eng Premier League,34,2788,31.0,32,2,1,0.1,0.0,0.1,0.1,0.0,0.0,0.0,DF,ae5019e6
48,Willy Boly,2023-2024,32,ci CIV,Nott'ham Forest,eng Premier League,20,1438,16.0,18,2,3,0.1,0.1,0.2,0.1,0.0,0.0,0.0,DF,a4ac4b8f
49,Sven Botman,2023-2024,23,nl NED,Newcastle Utd,eng Premier League,17,1377,15.3,15,2,0,0.1,0.1,0.3,0.1,0.0,0.0,0.0,DF,ccce7025
50,Jarrod Bowen,2023-2024,26,eng ENG,West Ham,eng Premier League,34,3019,33.5,34,0,0,0.5,0.2,0.7,0.5,0.0,0.0,0.0,FW,79c84d1c
51,Conor Bradley,2023-2024,20,nir NIR,Liverpool,eng Premier League,11,753,8.4,10,1,8,0.1,0.4,0.5,0.1,0.0,0.0,0.0,DF,bbd67769
52,Jarrad Branthwaite,2023-2024,21,eng ENG,Everton,eng Premier League,35,3116,34.6,35,0,2,0.1,0.0,0.1,0.1,0.0,0.0,0.0,DF,c1949191
53,Ben Brereton,2023-2024,24,cl CHI,Sheffield Utd,eng Premier League,14,1105,12.3,14,0,1,0.5,0.1,0.6,0.4,0.1,0.1,0.0,FWMF,57827369
54,Armando Broja,2023-2024,21,al ALB,2 Teams,eng Premier League,21,542,6.0,6,15,5,0.2,0.2,0.3,0.2,0.0,0.0,0.0,FW,97220da2
55,Andre Brooks,2023-2024,19,eng ENG,Sheffield Utd,eng Premier League,20,938,10.4,12,8,11,0.0,0.0,0.0,0.0,0.0,0.0,0.0,MFDF,5f346071
56,Jacob Brown,2023-2024,25,sct SCO,Luton Town,eng Premier League,19,1019,11.3,12,7,2,0.2,0.0,0.2,0.2,0.0,0.0,0.0,MFFW,ca18c8f1
57,Josh Brownhill,2023-2024,27,eng ENG,Burnley,eng Premier League,33,2252,25.0,23,10,4,0.2,0.1,0.2,0.2,0.0,0.0,0.0,MF,47369df8
58,Jacob Bruun Larsen,2023-2024,24,dk DEN,Burnley,eng Premier League,32,1249,13.9,16,16,5,0.4,0.0,0.4,0.4,0.1,0.1,0.0,MFFW,4e204552
59,Hugo Bueno,2023-2024,20,es ESP,Wolves,eng Premier League,22,741,8.2,7,15,11,0.0,0.0,0.0,0.0,0.0,0.0,0.0,DFMF,bfc3b3a0
60,Santiago Bueno,2023-2024,24,uy URU,Wolves,eng Premier League,12,822,9.1,9,3,18,0.0,0.0,0.0,0.0,0.0,0.0,0.0,DF,edc98fac
61,Facundo Buonanotte,2023-2024,18,ar ARG,Brighton,eng Premier League,27,1364,15.2,17,10,6,0.2,0.1,0.3,0.2,0.0,0.0,0.0,FWMF,468a7a91
62,Reece Burke,2023-2024,26,eng ENG,Luton Town,eng Premier League,22,1660,18.4,20,2,3,0.0,0.2,0.2,0.0,0.0,0.0,0.0,DF,a681b7b7
63,Dan Burn,2023-2024,31,eng ENG,Newcastle Utd,eng Premier League,33,2726,30.3,32,1,0,0.1,0.1,0.1,0.1,0.0,0.0,0.0,DF,b2d31e83
64,Moisés Caicedo,2023-2024,21,ec ECU,Chelsea,eng Premier League,35,2866,31.8,33,2,0,0.0,0.1,0.1,0.0,0.0,0.0,0.0,MF,16264a81
65,Tom Cairney,2023-2024,32,sct SCO,Fulham,eng Premier League,34,1488,16.5,14,20,4,0.1,0.2,0.3,0.1,0.0,0.0,0.0,MF,a8748947
66,Dominic Calvert-Lewin,2023-2024,26,eng ENG,Everton,eng Premier League,32,2171,24.1,26,6,0,0.3,0.1,0.4,0.2,0.1,0.1,0.0,FW,59e6e5bf
67,Diego Carlos,2023-2024,30,br BRA,Aston Villa,eng Premier League,27,1816,20.2,20,7,5,0.0,0.0,0.0,0.0,0.0,0.0,0.0,DF,b4a014b1
68,Casemiro,2023-2024,31,br BRA,Manchester Utd,eng Premier League,25,1982,22.0,24,1,1,0.0,0.1,0.1,0.0,0.0,0.0,0.0,MFDF,4d224fe8
69,Matty Cash,2023-2024,25,pl POL,Aston Villa,eng Premier League,29,2142,23.8,23,6,2,0.1,0.1,0.2,0.1,0.0,0.0,0.0,DF,2389cdc2
70,Timothy Castagne,2023-2024,27,be BEL,Fulham,eng Premier League,34,2634,29.3,29,5,1,0.0,0.1,0.1,0.0,0.0,0.0,0.0,DF,197640fd
71,Trevoh Chalobah,2023-2024,24,eng ENG,Chelsea,eng Premier League,13,952,10.6,10,3,1,0.1,0.0,0.1,0.1,0.0,0.0,0.0,DF,5515376c
72,Ben Chilwell,2023-2024,26,eng ENG,Chelsea,eng Premier League,13,756,8.4,9,4,1,0.0,0.1,0.1,0.0,0.0,0.0,0.0,DF,d2424d1b
73,Tahith Chong,2023-2024,23,nl NED,Luton Town,eng Premier League,33,1982,22.0,20,13,5,0.2,0.0,0.2,0.2,0.0,0.0,0.0,MFFW,2696b6a9
74,Ryan Christie,2023-2024,28,sct SCO,Bournemouth,eng Premier League,37,2907,32.3,35,2,0,0.0,0.2,0.2,0.0,0.0,0.0,0.0,MF,26ce2263
75,Jordan Clark,2023-2024,29,eng ENG,Luton Town,eng Premier League,23,1304,14.5,14,9,4,0.1,0.1,0.1,0.1,0.0,0.0,0.0,MF,7c5fa6cf
76,Nathaniel Clyne,2023-2024,32,eng ENG,Crystal Palace,eng Premier League,19,1338,14.9,14,5,18,0.0,0.0,0.0,0.0,0.0,0.0,0.0,DF,0442183b
77,Séamus Coleman,2023-2024,34,ie IRL,Everton,eng Premier League,12,665,7.4,7,5,6,0.0,0.0,0.0,0.0,0.0,0.0,0.0,DF,0420d84f
78,Nathan Collins,2023-2024,22,ie IRL,Brentford,eng Premier League,32,2652,29.5,29,3,1,0.0,0.0,0.1,0.0,0.0,0.0,0.0,DF,a8c19eb8
79,Levi Colwill,2023-2024,20,eng ENG,Chelsea,eng Premier League,23,1797,20.0,20,3,4,0.1,0.1,0.1,0.1,0.0,0.0,0.0,DF,700783e7
80,Lewis Cook,2023-2024,26,eng ENG,Bournemouth,eng Premier League,33,2786,31.0,32,1,0,0.0,0.1,0.1,0.0,0.0,0.0,0.0,MF,2afc7272
81,Vladimír Coufal,2023-2024,30,cz CZE,West Ham,eng Premier League,36,3132,34.8,36,0,0,0.0,0.2,0.2,0.0,0.0,0.0,0.0,DF,fdf3cb77
82,Marc Cucurella,2023-2024,25,es ESP,Chelsea,eng Premier League,21,1782,19.8,20,1,6,0.0,0.1,0.1,0.0,0.0,0.0,0.0,DF,1daec722
83,Josh Cullen,2023-2024,27,ie IRL,Burnley,eng Premier League,25,2057,22.9,23,2,8,0.1,0.1,0.2,0.1,0.0,0.0,0.0,MF,f6d7d690
84,Matheus Cunha,2023-2024,24,br BRA,Wolves,eng Premier League,32,2440,27.1,29,3,0,0.4,0.3,0.7,0.4,0.0,0.0,0.0,FWMF,dc62b55d
85,Mahmoud Dahoud,2023-2024,27,de GER,Brighton,eng Premier League,9,452,5.0,6,3,8,0.0,0.2,0.2,0.0,0.0,0.0,0.0,MF,db4ed67b
86,Ameen Al-Dakhil,2023-2024,21,be BEL,Burnley,eng Premier League,13,1056,11.7,12,1,2,0.1,0.0,0.1,0.1,0.0,0.0,0.0,DF,93e08bce
87,Diogo Dalot,2023-2024,24,pt POR,Manchester Utd,eng Premier League,36,3174,35.3,35,1,1,0.1,0.1,0.1,0.1,0.0,0.0,0.0,DF,d9565625
88,Mikkel Damsgaard,2023-2024,23,dk DEN,Brentford,eng Premier League,23,842,9.4,7,16,3,0.0,0.2,0.2,0.0,0.0,0.0,0.0,MF,215f3907
89,Danilo,2023-2024,22,br BRA,Nott'ham Forest,eng Premier League,29,1792,19.9,20,9,2,0.1,0.1,0.2,0.1,0.0,0.0,0.0,MF,a816dbfb
90,Arnaut Danjuma,2023-2024,26,nl NED,Everton,eng Premier League,14,595,6.6,5,9,14,0.2,0.0,0.2,0.2,0.0,0.0,0.0,MFFW,f08490a6
91,David Datro Fofana,2023-2024,20,ci CIV,Burnley,eng Premier League,15,879,9.8,10,5,1,0.4,0.1,0.5,0.4,0.0,0.0,0.0,FW,e82900ef
92,Ben Davies,2023-2024,30,wls WAL,Tottenham,eng Premier League,17,1090,12.1,12,5,13,0.1,0.0,0.1,0.1,0.0,0.0,0.0,DF,44781702
93,Craig Dawson,2023-2024,33,eng ENG,Wolves,eng Premier League,25,2209,24.5,25,0,2,0.0,0.0,0.1,0.0,0.0,0.0,0.0,DF,3e9e06cb
94,Kevin De Bruyne,2023-2024,32,be BEL,Manchester City,eng Premier League,18,1221,13.6,15,3,3,0.3,0.7,1.0,0.3,0.0,0.0,0.0,MF,e46012d4
95,Hannes Delcroix,2023-2024,24,be BEL,Burnley,eng Premier League,12,589,6.5,5,7,10,0.0,0.0,0.0,0.0,0.0,0.0,0.0,DF,b737f944
96,Moussa Diaby,2023-2024,24,fr FRA,Aston Villa,eng Premier League,38,2174,24.2,25,13,0,0.2,0.3,0.6,0.2,0.0,0.0,0.0,FWMF,aeed5c06
97,Rúben Dias,2023-2024,26,pt POR,Manchester City,eng Premier League,30,2559,28.4,28,2,5,0.0,0.0,0.0,0.0,0.0,0.0,0.0,DF,31c69ef1
98,Luis Díaz,2023-2024,26,co COL,Liverpool,eng Premier League,37,2629,29.2,32,5,0,0.3,0.2,0.4,0.3,0.0,0.0,0.0,FW,4a1a9578
99,Lucas Digne,2023-2024,30,fr FRA,Aston Villa,eng Premier League,33,2410,26.8,27,6,0,0.0,0.1,0.1,0.0,0.0,0.0,0.0,DF,1b84dbe1
100,Issa Diop,2023-2024,26,fr FRA,Fulham,eng Premier League,18,1424,15.8,16,2,3,0.0,0.0,0.0,0.0,0.0,0.0,0.0,DF,a712ca2b
101,Axel Disasi,2023-2024,25,fr FRA,Chelsea,eng Premier League,31,2579,28.7,29,2,4,0.1,0.0,0.1,0.1,0.0,0.0,0.0,DF,ad82197c
102,Matt Doherty,2023-2024,31,ie IRL,Wolves,eng Premier League,30,1150,12.8,9,21,8,0.1,0.0,0.1,0.1,0.0,0.0,0.0,DFMF,d557d734
103,Jeremy Doku,2023-2024,21,be BEL,Manchester City,eng Premier League,29,1595,17.7,18,11,2,0.2,0.5,0.6,0.2,0.0,0.0,0.0,FWMF,fffea3e5
104,Nicolás Domínguez,2023-2024,25,ar ARG,Nott'ham Forest,eng Premier League,26,1495,16.6,19,7,6,0.1,0.1,0.2,0.1,0.0,0.0,0.0,MFFW,20b3a502
105,Abdoulaye Doucouré,2023-2024,30,ml MLI,Everton,eng Premier League,32,2629,29.2,32,0,0,0.2,0.0,0.3,0.2,0.0,0.0,0.0,FWMF,02b29014
106,Cheick Doucouré,2023-2024,23,ml MLI,Crystal Palace,eng Premier League,11,919,10.2,11,0,1,0.0,0.0,0.0,0.0,0.0,0.0,0.0,MF,ce4f40c7
107,Alfie Doughty,2023-2024,23,eng ENG,Luton Town,eng Premier League,37,2925,32.5,34,3,0,0.1,0.2,0.3,0.1,0.0,0.0,0.0,DF,bf33b257
108,Tommy Doyle,2023-2024,21,eng ENG,Wolves,eng Premier League,26,1222,13.6,11,15,6,0.0,0.0,0.0,0.0,0.0,0.0,0.0,MF,5526deb1
109,Martin Dúbravka,2023-2024,34,sk SVK,Newcastle Utd,eng Premier League,23,1985,22.1,22,1,14,0.0,0.0,0.0,0.0,0.0,0.0,0.0,GK,3a949a25
110,Lewis Dunk,2023-2024,31,eng ENG,Brighton,eng Premier League,33,2869,31.9,33,0,0,0.1,0.0,0.1,0.1,0.0,0.0,0.0,DF,282f75f3
111,Jhon Durán,2023-2024,19,co COL,Aston Villa,eng Premier League,23,475,5.3,3,20,5,0.9,0.0,0.9,0.9,0.0,0.0,0.0,FWMF,414184f7
112,Ederson,2023-2024,29,br BRA,Manchester City,eng Premier League,33,2785,30.9,33,0,2,0.0,0.0,0.0,0.0,0.0,0.0,0.0,GK,3bb7b8b4
113,Odsonne Édouard,2023-2024,25,fr FRA,Crystal Palace,eng Premier League,30,1555,17.3,17,13,3,0.4,0.0,0.4,0.4,0.0,0.0,0.0,FWMF,0562b7f1
114,John Egan,2023-2024,30,ie IRL,Sheffield Utd,eng Premier League,6,482,5.4,6,0,0,0.0,0.0,0.0,0.0,0.0,0.0,0.0,DF,debe38a0
115,Anthony Elanga,2023-2024,21,se SWE,Nott'ham Forest,eng Premier League,36,2433,27.0,25,11,0,0.2,0.3,0.5,0.2,0.0,0.0,0.0,FWMF,2fba6108
116,Harvey Elliott,2023-2024,20,eng ENG,Liverpool,eng Premier League,34,1352,15.0,11,23,4,0.2,0.4,0.6,0.2,0.0,0.0,0.0,MFFW,b9e1436c
117,Emerson,2023-2024,24,br BRA,Tottenham,eng Premier League,22,1161,12.9,11,11,16,0.1,0.0,0.1,0.1,0.0,0.0,0.0,DF,df8b52a5
118,Julio Enciso,2023-2024,19,py PAR,Brighton,eng Premier League,12,475,5.3,5,7,1,0.0,0.4,0.4,0.0,0.0,0.0,0.0,MFFW,9cfbad36
119,Wataru Endo,2023-2024,30,jp JPN,Liverpool,eng Premier League,29,1722,19.1,20,9,4,0.1,0.0,0.1,0.1,0.0,0.0,0.0,MF,c149016b
120,Christian Eriksen,2023-2024,31,dk DEN,Manchester Utd,eng Premier League,22,1141,12.7,12,10,11,0.1,0.2,0.2,0.1,0.0,0.0,0.0,MF,980522ec
121,Maxime Estève,2023-2024,21,fr FRA,Burnley,eng Premier League,16,1309,14.5,15,1,0,0.0,0.0,0.0,0.0,0.0,0.0,0.0,DF,1a066e69
122,Pervis Estupiñán,2023-2024,25,ec ECU,Brighton,eng Premier League,19,1243,13.8,15,4,1,0.1,0.2,0.4,0.1,0.0,0.0,0.0,DF,d38fdf53
123,Jonny Evans,2023-2024,35,nir NIR,Manchester Utd,eng Premier League,23,1392,15.5,15,8,3,0.0,0.1,0.1,0.0,0.0,0.0,0.0,DF,f8fcd2a5
124,Eberechi Eze,2023-2024,25,eng ENG,Crystal Palace,eng Premier League,27,2055,22.8,24,3,0,0.5,0.2,0.7,0.4,0.0,0.0,0.0,MFFW,ae4fc6a4
125,Łukasz Fabiański,2023-2024,38,pl POL,West Ham,eng Premier League,10,721,8.0,7,3,27,0.0,0.0,0.0,0.0,0.0,0.0,0.0,GK,9328b835
126,Ansu Fati,2023-2024,20,es ESP,Brighton,eng Premier League,19,521,5.8,3,16,5,0.3,0.0,0.3,0.3,0.0,0.0,0.0,MFFW,0ba976e4
127,Evan Ferguson,2023-2024,18,ie IRL,Brighton,eng Premier League,27,1367,15.2,15,12,1,0.4,0.0,0.4,0.4,0.0,0.0,0.0,FW,4596da74
128,Bruno Fernandes,2023-2024,28,pt POR,Manchester Utd,eng Premier League,35,3118,34.6,35,0,0,0.3,0.2,0.5,0.2,0.1,0.1,0.0,MFFW,507c7bdf
129,Enzo Fernández,2023-2024,22,ar ARG,Chelsea,eng Premier League,28,2209,24.5,26,2,0,0.1,0.1,0.2,0.1,0.0,0.1,0.0,MF,5ff4ab71
130,Mark Flekken,2023-2024,30,nl NED,Brentford,eng Premier League,37,3285,36.5,37,0,0,0.0,0.0,0.0,0.0,0.0,0.0,0.0,GK,a92ab7be
131,Phil Foden,2023-2024,23,eng ENG,Manchester City,eng Premier League,35,2857,31.7,33,2,2,0.6,0.3,0.9,0.6,0.0,0.0,0.0,FWMF,ed1e53f3
132,Wes Foderingham,2023-2024,32,eng ENG,Sheffield Utd,eng Premier League,30,2649,29.4,29,1,8,0.0,0.0,0.0,0.0,0.0,0.0,0.0,GK,96cf7b61
133,Lyle Foster,2023-2024,22,za RSA,Burnley,eng Premier League,24,1899,21.1,22,2,0,0.2,0.1,0.4,0.2,0.0,0.0,0.0,FWMF,f84a807c
134,Cody Gakpo,2023-2024,24,nl NED,Liverpool,eng Premier League,35,1649,18.3,17,18,0,0.4,0.3,0.7,0.4,0.0,0.0,0.0,FWMF,1971591f
135,Conor Gallagher,2023-2024,23,eng ENG,Chelsea,eng Premier League,37,3128,34.8,37,0,0,0.1,0.2,0.3,0.1,0.0,0.0,0.0,MF,c2731c10
136,Idrissa Gana Gueye,2023-2024,33,sn SEN,Everton,eng Premier League,25,1884,20.9,24,1,3,0.2,0.0,0.2,0.2,0.0,0.0,0.0,MF,72c812f3
137,Alejandro Garnacho,2023-2024,19,ar ARG,Manchester Utd,eng Premier League,36,2565,28.5,30,6,2,0.2,0.1,0.4,0.2,0.0,0.0,0.0,FW,7aa8adfe
138,James Garner,2023-2024,22,eng ENG,Everton,eng Premier League,37,3004,33.4,34,3,0,0.0,0.1,0.1,0.0,0.0,0.0,0.0,MF,4e015693
139,Saman Ghoddos,2023-2024,29,ir IRN,Brentford,eng Premier League,19,739,8.2,7,12,13,0.1,0.0,0.1,0.1,0.0,0.0,0.0,DF,f7b1d4e0
140,Morgan Gibbs-White,2023-2024,23,eng ENG,Nott'ham Forest,eng Premier League,37,3156,35.1,35,2,0,0.1,0.3,0.4,0.1,0.0,0.0,0.0,MFFW,32f60ed8
141,Billy Gilmour,2023-2024,22,sct SCO,Brighton,eng Premier League,30,2120,23.6,24,6,1,0.0,0.0,0.0,0.0,0.0,0.0,0.0,MF,df10e27c
142,Ben Godfrey,2023-2024,25,eng ENG,Everton,eng Premier League,15,1120,12.4,13,2,23,0.0,0.0,0.0,0.0,0.0,0.0,0.0,DF,9f7c837d
143,André Gomes,2023-2024,30,pt POR,Everton,eng Premier League,12,508,5.6,3,9,4,0.2,0.0,0.2,0.2,0.0,0.0,0.0,MFFW,1961b2aa
144,João Gomes,2023-2024,22,br BRA,Wolves,eng Premier League,34,2649,29.4,32,2,1,0.1,0.0,0.1,0.1,0.0,0.0,0.0,MF,8b57ad2c
145,Toti Gomes,2023-2024,24,pt POR,Wolves,eng Premier League,35,2772,30.8,31,4,3,0.0,0.1,0.1,0.0,0.0,0.0,0.0,DF,f0caab96
146,Joe Gomez,2023-2024,26,eng ENG,Liverpool,eng Premier League,32,1786,19.8,17,15,4,0.0,0.1,0.1,0.0,0.0,0.0,0.0,DF,7a11550b
147,Anthony Gordon,2023-2024,22,eng ENG,Newcastle Utd,eng Premier League,35,2890,32.1,34,1,0,0.3,0.3,0.7,0.3,0.0,0.0,0.0,FW,2bd83368
148,Ryan Gravenberch,2023-2024,21,nl NED,Liverpool,eng Premier League,26,1121,12.5,12,14,5,0.1,0.0,0.1,0.1,0.0,0.0,0.0,MF,b8e740fb
149,Ivo Grbić,2023-2024,27,hr CRO,Sheffield Utd,eng Premier League,9,771,8.6,9,0,5,0.0,0.0,0.0,0.0,0.0,0.0,0.0,GK,3f034750
150,Jack Grealish,2023-2024,27,eng ENG,Manchester City,eng Premier League,20,1009,11.2,10,10,9,0.3,0.1,0.4,0.3,0.0,0.0,0.0,FWMF,b0b4fd3e
151,Pascal Groß,2023-2024,32,de GER,Brighton,eng Premier League,36,3114,34.6,34,2,0,0.1,0.3,0.4,0.1,0.0,0.0,0.0,MFDF,8aec0537
152,Marc Guéhi,2023-2024,23,eng ENG,Crystal Palace,eng Premier League,25,2021,22.5,23,2,0,0.0,0.0,0.0,0.0,0.0,0.0,0.0,DF,d0706b27
153,Bruno Guimarães,2023-2024,25,br BRA,Newcastle Utd,eng Premier League,37,3263,36.3,37,0,0,0.2,0.2,0.4,0.2,0.0,0.0,0.0,MF,82518f62
154,Malo Gusto,2023-2024,20,fr FRA,Chelsea,eng Premier League,27,1751,19.5,19,8,1,0.0,0.3,0.3,0.0,0.0,0.0,0.0,DF,d56b9520
155,Joško Gvardiol,2023-2024,21,hr CRO,Manchester City,eng Premier League,28,2328,25.9,26,2,7,0.2,0.0,0.2,0.2,0.0,0.0,0.0,DF,5ad50391
156,Erling Haaland,2023-2024,23,no NOR,Manchester City,eng Premier League,31,2552,28.4,29,2,1,1.0,0.2,1.1,0.7,0.2,0.3,0.0,FW,1f44ac21
157,Lewis Hall,2023-2024,18,eng ENG,Newcastle Utd,eng Premier League,18,781,8.7,8,10,15,0.1,0.0,0.1,0.1,0.0,0.0,0.0,DF,da011f18
158,Gustavo Hamer,2023-2024,26,nl NED,Sheffield Utd,eng Premier League,36,2910,32.3,34,2,0,0.1,0.2,0.3,0.1,0.0,0.0,0.0,MF,eebacc07
159,Jack Harrison,2023-2024,26,eng ENG,Everton,eng Premier League,29,2214,24.6,25,4,1,0.1,0.1,0.2,0.1,0.0,0.0,0.0,MFFW,aa849a12
160,Daiki Hashioka,2023-2024,24,jp JPN,Luton Town,eng Premier League,10,595,6.6,6,4,3,0.0,0.0,0.0,0.0,0.0,0.0,0.0,DF,10cb48b7
161,Kai Havertz,2023-2024,24,de GER,Arsenal,eng Premier League,37,2634,29.3,30,7,0,0.4,0.2,0.7,0.4,0.0,0.0,0.0,MFFW,fed7cb61
162,Jan Paul van Hecke,2023-2024,23,nl NED,Brighton,eng Premier League,28,2369,26.3,26,2,4,0.0,0.0,0.0,0.0,0.0,0.0,0.0,DF,4fd08daa
163,Hwang Hee-chan,2023-2024,27,kr KOR,Wolves,eng Premier League,29,2119,23.5,25,4,0,0.5,0.1,0.6,0.5,0.0,0.0,0.0,FWMF,169fd162
164,Dean Henderson,2023-2024,26,eng ENG,2 Teams,eng Premier League,18,1620,18.0,18,0,10,0.0,0.0,0.0,0.0,0.0,0.0,0.0,GK,e5a76dfe
165,Son Heung-min,2023-2024,31,kr KOR,Tottenham,eng Premier League,35,2934,32.6,34,1,0,0.5,0.3,0.8,0.5,0.1,0.1,0.0,FW,92e7e919
166,Aaron Hickey,2023-2024,21,sct SCO,Brentford,eng Premier League,9,713,7.9,9,0,0,0.0,0.0,0.0,0.0,0.0,0.0,0.0,DF,1780bb4a
167,Jack Hinshelwood,2023-2024,18,eng ENG,Brighton,eng Premier League,12,869,9.7,8,4,4,0.3,0.0,0.3,0.3,0.0,0.0,0.0,DF,e98211e7
168,Mason Holgate,2023-2024,26,eng ENG,Sheffield Utd,eng Premier League,10,710,7.9,9,1,2,0.0,0.0,0.0,0.0,0.0,0.0,0.0,DF,d0042ab9
169,Pierre Højbjerg,2023-2024,27,dk DEN,Tottenham,eng Premier League,36,1311,14.6,8,28,2,0.0,0.0,0.0,0.0,0.0,0.0,0.0,MF,8b04d6c1
170,Rasmus Højlund,2023-2024,20,dk DEN,Manchester Utd,eng Premier League,30,2158,24.0,25,5,0,0.4,0.1,0.5,0.4,0.0,0.0,0.0,FW,491a433d
171,Callum Hudson-Odoi,2023-2024,22,eng ENG,Nott'ham Forest,eng Premier League,29,1854,20.6,20,9,1,0.4,0.0,0.4,0.4,0.0,0.0,0.0,FWMF,15f3ec41
172,Will Hughes,2023-2024,28,eng ENG,Crystal Palace,eng Premier League,30,1891,21.0,23,7,1,0.0,0.0,0.0,0.0,0.0,0.0,0.0,MF,a0666d3e
173,Igor,2023-2024,25,br BRA,Brighton,eng Premier League,24,1637,18.2,17,7,10,0.0,0.0,0.0,0.0,0.0,0.0,0.0,DF,a4e85758
174,Alexander Isak,2023-2024,23,se SWE,Newcastle Utd,eng Premier League,30,2255,25.1,27,3,1,0.8,0.1,0.9,0.6,0.2,0.2,0.0,FW,8e92be30
175,Alex Iwobi,2023-2024,27,ng NGA,2 Teams,eng Premier League,32,2332,25.9,27,5,0,0.2,0.1,0.3,0.2,0.0,0.0,0.0,MF,6ca5ec4b
176,Nicolas Jackson,2023-2024,22,sn SEN,Chelsea,eng Premier League,35,2799,31.1,31,4,0,0.5,0.2,0.6,0.5,0.0,0.0,0.0,FW,9c36ed83
177,Vitaly Janelt,2023-2024,25,de GER,Brentford,eng Premier League,38,3054,33.9,37,1,0,0.0,0.1,0.1,0.0,0.0,0.0,0.0,MFDF,8449d35e
178,Mathias Jensen,2023-2024,27,dk DEN,Brentford,eng Premier League,32,2204,24.5,27,5,0,0.1,0.1,0.2,0.1,0.0,0.0,0.0,MF,0f134faf
179,Gabriel Jesus,2023-2024,26,br BRA,Arsenal,eng Premier League,27,1478,16.4,17,10,3,0.2,0.3,0.5,0.2,0.0,0.0,0.0,FW,b66315ae
180,Raúl Jiménez,2023-2024,32,mx MEX,Fulham,eng Premier League,24,1395,15.5,18,6,5,0.5,0.0,0.5,0.5,0.0,0.0,0.0,FW,b561db50
181,João Pedro,2023-2024,21,br BRA,Brighton,eng Premier League,31,2045,22.7,19,12,0,0.4,0.1,0.5,0.2,0.2,0.2,0.0,FWMF,e8832875
182,Joelinton,2023-2024,26,br BRA,Newcastle Utd,eng Premier League,20,1279,14.2,15,5,0,0.1,0.1,0.2,0.1,0.0,0.0,0.0,MFFW,c17bfb65
183,Ryan John Giles,2023-2024,23,eng ENG,Luton Town,eng Premier League,11,503,5.6,5,6,9,0.0,0.0,0.0,0.0,0.0,0.0,0.0,DFMF,73b1d65b
184,Ben Johnson,2023-2024,23,eng ENG,West Ham,eng Premier League,14,544,6.0,4,10,11,0.0,0.0,0.0,0.0,0.0,0.0,0.0,DFFW,9319781b
185,Brennan Johnson,2023-2024,22,wls WAL,2 Teams,eng Premier League,35,2322,25.8,26,9,0,0.2,0.4,0.6,0.2,0.0,0.0,0.0,FW,0cd31129
186,Sam Johnstone,2023-2024,30,eng ENG,Crystal Palace,eng Premier League,20,1796,20.0,20,0,4,0.0,0.0,0.0,0.0,0.0,0.0,0.0,GK,9e5708be
187,Curtis Jones,2023-2024,22,eng ENG,Liverpool,eng Premier League,23,1167,13.0,14,9,4,0.1,0.1,0.2,0.1,0.0,0.0,0.0,MF,4fb9c88f
188,Jorginho,2023-2024,31,it ITA,Arsenal,eng Premier League,24,921,10.2,10,14,13,0.0,0.2,0.2,0.0,0.0,0.0,0.0,MF,45db685d
189,Diogo Jota,2023-2024,26,pt POR,Liverpool,eng Premier League,21,1145,12.7,14,7,1,0.8,0.2,1.0,0.8,0.0,0.0,0.0,FW,178ae8f8
190,Mathias Jørgensen,2023-2024,33,dk DEN,Brentford,eng Premier League,14,1087,12.1,12,2,23,0.1,0.0,0.1,0.1,0.0,0.0,0.0,DF,0db5d2c8
191,Issa Kaboré,2023-2024,22,bf BFA,Luton Town,eng Premier League,24,1729,19.2,21,3,4,0.0,0.1,0.1,0.0,0.0,0.0,0.0,DF,c066d1a5
192,Boubacar Kamara,2023-2024,23,fr FRA,Aston Villa,eng Premier League,20,1652,18.4,20,0,0,0.0,0.1,0.1,0.0,0.0,0.0,0.0,MF,cc77354e
193,Thomas Kaminski,2023-2024,30,be BEL,Luton Town,eng Premier League,38,3405,37.8,38,0,0,0.0,0.0,0.0,0.0,0.0,0.0,0.0,GK,1caa93a5
194,Caoimhín Kelleher,2023-2024,24,ie IRL,Liverpool,eng Premier League,10,900,10.0,10,0,27,0.0,0.0,0.0,0.0,0.0,0.0,0.0,GK,62d7ef38
195,Lloyd Kelly,2023-2024,24,eng ENG,Bournemouth,eng Premier League,23,1559,17.3,17,6,0,0.0,0.1,0.1,0.0,0.0,0.0,0.0,DF,f31def1e
196,Milos Kerkez,2023-2024,19,hu HUN,Bournemouth,eng Premier League,28,1970,21.9,22,6,3,0.0,0.0,0.0,0.0,0.0,0.0,0.0,DF,0ad53bdc
197,Max Kilman,2023-2024,26,eng ENG,Wolves,eng Premier League,38,3420,38.0,38,0,0,0.1,0.0,0.1,0.1,0.0,0.0,0.0,DF,d0f72bf1
198,Jakub Kiwior,2023-2024,23,pl POL,Arsenal,eng Premier League,20,946,10.5,11,9,18,0.1,0.3,0.4,0.1,0.0,0.0,0.0,DF,dc3e663e
199,Justin Kluivert,2023-2024,24,nl NED,Bournemouth,eng Premier League,32,1916,21.3,26,6,6,0.3,0.0,0.4,0.3,0.0,0.0,0.0,MFFW,4c3a6744
200,Luca Koleosho,2023-2024,18,it ITA,Burnley,eng Premier League,15,974,10.8,13,2,0,0.1,0.1,0.2,0.1,0.0,0.0,0.0,MFFW,fc076f78